Beekeepers Exclusive to State,Colonies Exclusive to State,if than for year,Path,Region,State,Year,Year (copy),Beekeepers,Beekeepers Calc,Colonies,Colonies Calc,Colonies per keeper,Total Winter All Loss
100%,100%,2009-2019,data/BIP Bee Colony Loss Clean.xlsx,Northeast,Maryland,2007-08,2007-08,14,4013,4013,4013,286.642857143,8%
0%,0%,2009-2019,data/BIP Bee Colony Loss Clean.xlsx,West,Washington,2007-08,2007-08,5,21870,21870,21870,4374,14%
80%,12%,2009-2019,data/BIP Bee Colony Loss Clean.xlsx,Northeast,New Jersey,2007-08,2007-08,15,22622,22622,22622,1508.133333333,15%
100%,100%,2009-2019,data/BIP Bee Colony Loss Clean.xlsx,Southeast,Arkansas,2007-08,2007-08,20,16955,16955,16955,847.75,17%
16.7%,0.1%,2009-2019,data/BIP Bee Colony Loss Clean.xlsx,Northeast,Maine,2007-08,2007-08,6,45937,45937,45937,7656.166666667,18%
75%,33.6%,2009-2019,data/BIP Bee Colony Loss Clean.xlsx,Northeast,New York,2007-08,2007-08,12,26950,26950,26950,2245.833333333,19%
57.1%,79.9%,2009-2019,data/BIP Bee Colony Loss Clean.xlsx,Southwest,New Mexico,2007-08,2007-08,7,4850,4850,4850,692.857142857,21%
100%,100%,2009-2019,data/BIP Bee Colony Loss Clean.xlsx,West,Utah,2007-08,2007-08,28,17709,17709,17709,632.464285714,25%
16.7%,1.1%,2009-2019,data/BIP Bee Colony Loss Clean.xlsx,Midwest,North Dakota,2007-08,2007-08,18,103447,103447,103447,5747.055555556,26%
98.4%,48.3%,2009-2019,data/BIP Bee Colony Loss Clean.xlsx,Northeast,Pennsylvania,2007-08,2007-08,192,15974,15974,15974,83.197916667,26%
100%,100%,2009-2019,data/BIP Bee Colony Loss Clean.xlsx,Southeast,Tennessee,2007-08,2007-08,8,516,516,516,64.5,27%
100%,100%,2009-2019,data/BIP Bee Colony Loss Clean.xlsx,Southeast,Mississippi,2007-08,2007-08,14,9145,9145,9145,653.214285714,27%
100%,100%,2009-2019,data/BIP Bee Colony Loss Clean.xlsx,Southeast,North Carolina,2007-08,2007-08,16,6532,6532,6532,408.25,28%
30.8%,0.8%,2009-2019,data/BIP Bee Colony Loss Clean.xlsx,West,Montana,2007-08,2007-08,13,55330,55330,55330,4256.153846154,28%
13.9%,9.2%,2009-2019,data/BIP Bee Colony Loss Clean.xlsx,West,California,2007-08,2007-08,36,184085,184085,184085,5113.472222222,29%
0%,0%,2009-2019,data/BIP Bee Colony Loss Clean.xlsx,MultiStateOperation,MultiStateOperation,2007-08,2007-08,43,202865,202865,202865,4717.790697674,31%
0%,0%,2009-2019,data/BIP Bee Colony Loss Clean.xlsx,Southwest,Texas,2007-08,2007-08,9,52800,52800,52800,5866.666666667,32%
93.3%,56.7%,2009-2019,data/BIP Bee Colony Loss Clean.xlsx,Midwest,Wisconsin,2007-08,2007-08,15,6122,6122,6122,408.133333333,34%
80%,64.2%,2009-2019,data/BIP Bee Colony Loss Clean.xlsx,Southeast,South Carolina,2007-08,2007-08,5,5590,5590,5590,1118,34%
100%,100%,2009-2019,data/BIP Bee Colony Loss Clean.xlsx,Southeast,Georgia,2007-08,2007-08,15,42876,42876,42876,2858.4,35%
65.2%,33.6%,2009-2019,data/BIP Bee Colony Loss Clean.xlsx,Southeast,Florida,2007-08,2007-08,23,50897,50897,50897,2212.913043478,40%
100%,100%,2009-2019,data/BIP Bee Colony Loss Clean.xlsx,Midwest,Iowa,2007-08,2007-08,12,723,723,723,60.25,40%
100%,100%,2009-2019,data/BIP Bee Colony Loss Clean.xlsx,Southeast,Alabama,2007-08,2007-08,16,4848,4848,4848,303,42%
100%,100%,2009-2019,data/BIP Bee Colony Loss Clean.xlsx,Midwest,Ohio,2007-08,2007-08,9,1365,1365,1365,151.666666667,42%
94.1%,64%,2009-2019,data/BIP Bee Colony Loss Clean.xlsx,Southeast,West Virginia,2007-08,2007-08,17,3399,3399,3399,199.941176471,52%
83.3%,81.6%,2009-2019,data/BIP Bee Colony Loss Clean.xlsx,Midwest,South Dakota,2007-08,2007-08,18,99011,99011,99011,5500.611111111,52%
93.3%,94.7%,2009-2019,data/BIP Bee Colony Loss Clean.xlsx,Midwest,Michigan,2007-08,2007-08,15,6607,6607,6607,440.466666667,56%
100%,100%,2009-2019,data/BIP Bee Colony Loss Clean.xlsx,Southeast,Tennessee,2008-09,2008-09,7,42,42,42,6,8%
100%,100%,2009-2019,data/BIP Bee Colony Loss Clean.xlsx,Northeast,Maryland,2008-09,2008-09,15,5931,5931,5931,395.4,14%
90.5%,62.2%,2009-2019,data/BIP Bee Colony Loss Clean.xlsx,Midwest,Michigan,2008-09,2008-09,21,8722,8722,8722,415.333333333,18%
95.5%,87.1%,2009-2019,data/BIP Bee Colony Loss Clean.xlsx,Southeast,Georgia,2008-09,2008-09,44,7269,7269,7269,165.204545455,18%
97.4%,0.9%,2009-2019,data/BIP Bee Colony Loss Clean.xlsx,Northeast,Massachusetts,2008-09,2008-09,38,20174,20174,20174,530.894736842,20%
62.5%,0.1%,2009-2019,data/BIP Bee Colony Loss Clean.xlsx,West,Washington,2008-09,2008-09,8,43708,43708,43708,5463.5,20%
92.1%,0.4%,2009-2019,data/BIP Bee Colony Loss Clean.xlsx,Northeast,Maine,2008-09,2008-09,38,44971,44971,44971,1183.447368421,22%
100%,100%,2009-2019,data/BIP Bee Colony Loss Clean.xlsx,Southeast,Arkansas,2008-09,2008-09,28,7394,7394,7394,264.071428571,22%
89.3%,36.6%,2009-2019,data/BIP Bee Colony Loss Clean.xlsx,Northeast,New York,2008-09,2008-09,28,35182,35182,35182,1256.5,24%
12.5%,0%,2009-2019,data/BIP Bee Colony Loss Clean.xlsx,Midwest,North Dakota,2008-09,2008-09,24,209297,209297,209297,8720.708333333,25%
30%,2.3%,2009-2019,data/BIP Bee Colony Loss Clean.xlsx,West,California,2008-09,2008-09,60,266566,266566,266566,4442.766666667,26%
55%,29.1%,2009-2019,data/BIP Bee Colony Loss Clean.xlsx,Southeast,Florida,2008-09,2008-09,20,28304,28304,28304,1415.2,27%
0%,0%,2009-2019,data/BIP Bee Colony Loss Clean.xlsx,MultiStateOperation,MultiStateOperation,2008-09,2008-09,52,287476,287476,287476,5528.384615385,27%
22.2%,1.1%,2009-2019,data/BIP Bee Colony Loss Clean.xlsx,Midwest,South Dakota,2008-09,2008-09,27,162597,162597,162597,6022.111111111,27%
9.1%,0%,2009-2019,data/BIP Bee Colony Loss Clean.xlsx,Southwest,Texas,2008-09,2008-09,11,49401,49401,49401,4491,29%
92.9%,87.8%,2009-2019,data/BIP Bee Colony Loss Clean.xlsx,West,Idaho,2008-09,2008-09,14,43449,43449,43449,3103.5,33%
96.3%,72%,2009-2019,data/BIP Bee Colony Loss Clean.xlsx,West,Utah,2008-09,2008-09,27,18921,18921,18921,700.777777778,36%
100%,100%,2009-2019,data/BIP Bee Colony Loss Clean.xlsx,Southeast,North Carolina,2008-09,2008-09,51,7635,7635,7635,149.705882353,39%
98.1%,55%,2009-2019,data/BIP Bee Colony Loss Clean.xlsx,Northeast,Pennsylvania,2008-09,2008-09,262,11744,11744,11744,44.824427481,41%
100%,100%,2009-2019,data/BIP Bee Colony Loss Clean.xlsx,Northeast,Rhode Island,2008-09,2008-09,5,30,30,30,6,41%
70%,48.9%,2009-2019,data/BIP Bee Colony Loss Clean.xlsx,Southeast,Louisiana,2008-09,2008-09,10,60835,60835,60835,6083.5,42%
100%,100%,2009-2019,data/BIP Bee Colony Loss Clean.xlsx,Midwest,Ohio,2008-09,2008-09,9,51,51,51,5.666666667,45%
100%,100%,2009-2019,data/BIP Bee Colony Loss Clean.xlsx,Midwest,Wisconsin,2008-09,2008-09,17,3871,3871,3871,227.705882353,45%
100%,100%,2009-2019,data/BIP Bee Colony Loss Clean.xlsx,Southeast,Virginia,2008-09,2008-09,36,161,161,161,4.472222222,46%
73.3%,7.2%,2009-2019,data/BIP Bee Colony Loss Clean.xlsx,Southeast,Mississippi,2008-09,2008-09,15,18352,18352,18352,1223.466666667,48%
100%,100%,2009-2019,data/BIP Bee Colony Loss Clean.xlsx,Midwest,Iowa,2008-09,2008-09,17,11703,11703,11703,688.411764706,52%
77.4%,4%,2009-2010,data/BIP Bee Colony Loss Clean.xlsx,Northeast,New Jersey,2009-10,2009-10,31,3046,3046,3046,98.258064516,10%
60%,1.1%,2009-2010,data/BIP Bee Colony Loss Clean.xlsx,West,Nevada,2009-10,2009-10,5,1851,1851,1851,370.2,11%
40%,7.1%,2009-2010,data/BIP Bee Colony Loss Clean.xlsx,Southwest,Arizona,2009-10,2009-10,5,2136,2136,2136,427.2,13%
93.8%,13.2%,2009-2010,data/BIP Bee Colony Loss Clean.xlsx,West,Utah,2009-10,2009-10,64,7768,7768,7768,121.375,21%
87.5%,92.2%,2009-2010,data/BIP Bee Colony Loss Clean.xlsx,Hawaii,Hawaii,2009-10,2009-10,8,51,51,51,6.375,21%
96%,98.4%,2009-2010,data/BIP Bee Colony Loss Clean.xlsx,Southeast,Arkansas,2009-10,2009-10,50,447,447,447,8.94,24%
93.4%,80.8%,2009-2010,data/BIP Bee Colony Loss Clean.xlsx,Northeast,New Hampshire,2009-10,2009-10,76,802,802,802,10.552631579,26%
26.7%,3.9%,2009-2010,data/BIP Bee Colony Loss Clean.xlsx,Midwest,North Dakota,2009-10,2009-10,30,213327,213327,213327,7110.9,27%
92.6%,0.9%,2009-2010,data/BIP Bee Colony Loss Clean.xlsx,West,Idaho,2009-10,2009-10,27,23211,23211,23211,859.666666667,27%
12.5%,0%,2009-2010,data/BIP Bee Colony Loss Clean.xlsx,Midwest,South Dakota,2009-10,2009-10,16,143276,143276,143276,8954.75,28%
70.6%,0.1%,2009-2010,data/BIP Bee Colony Loss Clean.xlsx,Midwest,Nebraska,2009-10,2009-10,17,85286,85286,85286,5016.823529412,29%
95.7%,95.3%,2009-2010,data/BIP Bee Colony Loss Clean.xlsx,Southeast,Alabama,2009-10,2009-10,46,1357,1357,1357,29.5,29%
95.2%,73.2%,2009-2010,data/BIP Bee Colony Loss Clean.xlsx,Midwest,Missouri,2009-10,2009-10,42,1045,1045,1045,24.880952381,29%
98.4%,84.4%,2009-2010,data/BIP Bee Colony Loss Clean.xlsx,Southeast,Tennessee,2009-10,2009-10,62,661,661,661,10.661290323,29%
94.1%,69.7%,2009-2010,data/BIP Bee Colony Loss Clean.xlsx,Northeast,Vermont,2009-10,2009-10,68,2648,2648,2648,38.941176471,29%
37.5%,0.1%,2009-2010,data/BIP Bee Colony Loss Clean.xlsx,West,Montana,2009-10,2009-10,24,105509,105509,105509,4396.208333333,30%
89.8%,3.9%,2009-2010,data/BIP Bee Colony Loss Clean.xlsx,West,Oregon,2009-10,2009-10,49,27497,27497,27497,561.163265306,30%
62.6%,6.4%,2009-2010,data/BIP Bee Colony Loss Clean.xlsx,West,California,2009-10,2009-10,166,333778,333778,333778,2010.710843373,32%
75.7%,0.9%,2009-2010,data/BIP Bee Colony Loss Clean.xlsx,Midwest,Minnesota,2009-10,2009-10,37,101437,101437,101437,2741.540540541,32%
92.4%,1.6%,2009-2010,data/BIP Bee Colony Loss Clean.xlsx,West,Washington,2009-10,2009-10,144,69351,69351,69351,481.604166667,33%
95%,14%,2009-2010,data/BIP Bee Colony Loss Clean.xlsx,West,Colorado,2009-10,2009-10,99,6627,6627,6627,66.939393939,33%
92.3%,33.2%,2009-2010,data/BIP Bee Colony Loss Clean.xlsx,Midwest,Wisconsin,2009-10,2009-10,155,12097,12097,12097,78.045161290,33%
0%,0%,2009-2010,data/BIP Bee Colony Loss Clean.xlsx,MultiStateOperation,MultiStateOperation,2009-10,2009-10,161,344782,344782,344782,2141.503105590,34%
88.9%,14.6%,2009-2010,data/BIP Bee Colony Loss Clean.xlsx,Southeast,South Carolina,2009-10,2009-10,126,9819,9819,9819,77.928571429,34%
92.5%,93.5%,2009-2010,data/BIP Bee Colony Loss Clean.xlsx,Northeast,Rhode Island,2009-10,2009-10,67,262,262,262,3.910447761,37%
100%,100%,2009-2010,data/BIP Bee Colony Loss Clean.xlsx,Southwest,New Mexico,2009-10,2009-10,9,3034,3034,3034,337.111111111,38%
97.1%,94.3%,2009-2010,data/BIP Bee Colony Loss Clean.xlsx,Southeast,Virginia,2009-10,2009-10,480,3181,3181,3181,6.627083333,38%
83%,8.5%,2009-2010,data/BIP Bee Colony Loss Clean.xlsx,Southwest,Texas,2009-10,2009-10,59,50739,50739,50739,859.983050847,39%
94.2%,80.8%,2009-2010,data/BIP Bee Colony Loss Clean.xlsx,Northeast,Maryland,2009-10,2009-10,171,4145,4145,4145,24.239766082,39%
85.8%,31.3%,2009-2010,data/BIP Bee Colony Loss Clean.xlsx,Northeast,New York,2009-10,2009-10,162,22154,22154,22154,136.753086420,39%
90%,96.4%,2009-2010,data/BIP Bee Colony Loss Clean.xlsx,Southwest,Oklahoma,2009-10,2009-10,10,139,139,139,13.9,39%
70%,1.4%,2009-2010,data/BIP Bee Colony Loss Clean.xlsx,Midwest,Kansas,2009-10,2009-10,10,5251,5251,5251,525.1,39%
96.9%,57.7%,2009-2010,data/BIP Bee Colony Loss Clean.xlsx,Northeast,Pennsylvania,2009-10,2009-10,546,8843,8843,8843,16.195970696,43%
96.5%,34.2%,2009-2010,data/BIP Bee Colony Loss Clean.xlsx,Midwest,Michigan,2009-10,2009-10,231,11776,11776,11776,50.978354978,45%
95.8%,77.6%,2009-2010,data/BIP Bee Colony Loss Clean.xlsx,Southeast,North Carolina,2009-10,2009-10,191,3126,3126,3126,16.366492147,46%
85.7%,3.3%,2009-2010,data/BIP Bee Colony Loss Clean.xlsx,Southeast,Mississippi,2009-10,2009-10,14,11196,11196,11196,799.714285714,46%
92%,8.9%,2009-2010,data/BIP Bee Colony Loss Clean.xlsx,Southeast,Georgia,2009-10,2009-10,87,7165,7165,7165,82.356321839,48%
88%,61.3%,2009-2010,data/BIP Bee Colony Loss Clean.xlsx,Southeast,Kentucky,2009-10,2009-10,25,613,613,613,24.52,49%
91.5%,61.1%,2009-2010,data/BIP Bee Colony Loss Clean.xlsx,Southeast,West Virginia,2009-10,2009-10,117,1390,1390,1390,11.880341880,50%
87.9%,38.1%,2009-2010,data/BIP Bee Colony Loss Clean.xlsx,Northeast,Connecticut,2009-10,2009-10,58,742,742,742,12.793103448,51%
97%,34.8%,2009-2010,data/BIP Bee Colony Loss Clean.xlsx,Midwest,Ohio,2009-10,2009-10,203,4828,4828,4828,23.783251232,52%
89.5%,12.2%,2009-2010,data/BIP Bee Colony Loss Clean.xlsx,Southeast,Florida,2009-10,2009-10,153,32900,32900,32900,215.032679739,53%
93.3%,92.6%,2009-2010,data/BIP Bee Colony Loss Clean.xlsx,Northeast,Delaware,2009-10,2009-10,15,95,95,95,6.333333333,55%
92.1%,3.4%,2009-2010,data/BIP Bee Colony Loss Clean.xlsx,Northeast,Maine,2009-10,2009-10,89,13945,13945,13945,156.685393258,57%
95.3%,18.3%,2009-2010,data/BIP Bee Colony Loss Clean.xlsx,Midwest,Indiana,2009-10,2009-10,85,4141,4141,4141,48.717647059,57%
96.9%,12.6%,2009-2010,data/BIP Bee Colony Loss Clean.xlsx,Northeast,Massachusetts,2009-10,2009-10,193,11361,11361,11361,58.865284974,63%
87.8%,27.1%,2009-2010,data/BIP Bee Colony Loss Clean.xlsx,Midwest,Illinois,2009-10,2009-10,49,958,958,958,19.551020408,73%
94.6%,55.7%,2009-2010,data/BIP Bee Colony Loss Clean.xlsx,Midwest,Iowa,2009-10,2009-10,56,1141,1141,1141,20.375,73%
81.5%,1%,2010-2011,data/BIP Bee Colony Loss Clean.xlsx,West,Idaho,2010-11,2010-11,27,9325,9325,9325,345.370370370,6%
100%,100%,2010-2011,data/BIP Bee Colony Loss Clean.xlsx,Hawaii,Hawaii,2010-11,2010-11,42,5392,5392,5392,128.380952381,8%
92.1%,5.9%,2010-2011,data/BIP Bee Colony Loss Clean.xlsx,West,Oregon,2010-11,2010-11,178,19611,19611,19611,110.174157303,10%
97.1%,97.9%,2010-2011,data/BIP Bee Colony Loss Clean.xlsx,Southeast,Alabama,2010-11,2010-11,34,476,476,476,14,11%
95.8%,98.9%,2010-2011,data/BIP Bee Colony Loss Clean.xlsx,Southwest,New Mexico,2010-11,2010-11,24,185,185,185,7.708333333,12%
95.2%,98%,2010-2011,data/BIP Bee Colony Loss Clean.xlsx,Midwest,Kansas,2010-11,2010-11,21,401,401,401,19.095238095,15%
93.5%,98.1%,2010-2011,data/BIP Bee Colony Loss Clean.xlsx,Southwest,Oklahoma,2010-11,2010-11,31,628,628,628,20.258064516,17%
87.5%,99.9%,2010-2011,data/BIP Bee Colony Loss Clean.xlsx,West,Wyoming,2010-11,2010-11,8,3481,3481,3481,435.125,19%
73.1%,0.3%,2010-2011,data/BIP Bee Colony Loss Clean.xlsx,West,Montana,2010-11,2010-11,26,41933,41933,41933,1612.807692308,20%
94.4%,83.4%,2010-2011,data/BIP Bee Colony Loss Clean.xlsx,Southeast,Tennessee,2010-11,2010-11,90,691,691,691,7.677777778,22%
94.7%,5.9%,2010-2011,data/BIP Bee Colony Loss Clean.xlsx,West,Washington,2010-11,2010-11,150,23991,23991,23991,159.94,23%
38.1%,0.4%,2010-2011,data/BIP Bee Colony Loss Clean.xlsx,Midwest,North Dakota,2010-11,2010-11,21,131159,131159,131159,6245.666666667,25%
96.4%,75.6%,2010-2011,data/BIP Bee Colony Loss Clean.xlsx,Southeast,North Carolina,2010-11,2010-11,615,7423,7423,7423,12.069918699,25%
94.1%,17.3%,2010-2011,data/BIP Bee Colony Loss Clean.xlsx,Southeast,Louisiana,2010-11,2010-11,17,3411,3411,3411,200.647058824,25%
0%,0%,2010-2011,data/BIP Bee Colony Loss Clean.xlsx,MultiStateOperation,MultiStateOperation,2010-11,2010-11,127,222437,222437,222437,1751.472440945,25%
84.2%,1.4%,2010-2011,data/BIP Bee Colony Loss Clean.xlsx,Southwest,Texas,2010-11,2010-11,76,112874,112874,112874,1485.184210526,26%
68.8%,0.1%,2010-2011,data/BIP Bee Colony Loss Clean.xlsx,Southeast,Mississippi,2010-11,2010-11,16,96053,96053,96053,6003.3125,27%
95.8%,94.3%,2010-2011,data/BIP Bee Colony Loss Clean.xlsx,Northeast,Vermont,2010-11,2010-11,119,1551,1551,1551,13.033613445,27%
66.7%,0.7%,2010-2011,data/BIP Bee Colony Loss Clean.xlsx,West,Nevada,2010-11,2010-11,6,3775,3775,3775,629.166666667,27%
82.9%,12.7%,2010-2011,data/BIP Bee Colony Loss Clean.xlsx,West,California,2010-11,2010-11,327,248736,248736,248736,760.660550459,27%
100%,100%,2010-2011,data/BIP Bee Colony Loss Clean.xlsx,Midwest,Missouri,2010-11,2010-11,161,2350,2350,2350,14.596273292,29%
90%,29.5%,2010-2011,data/BIP Bee Colony Loss Clean.xlsx,Northeast,New Jersey,2010-11,2010-11,110,2113,2113,2113,19.209090909,29%
81.3%,1%,2010-2011,data/BIP Bee Colony Loss Clean.xlsx,Midwest,Nebraska,2010-11,2010-11,16,79194,79194,79194,4949.625,29%
98.3%,49.6%,2010-2011,data/BIP Bee Colony Loss Clean.xlsx,West,Utah,2010-11,2010-11,117,4779,4779,4779,40.846153846,30%
95.3%,96%,2010-2011,data/BIP Bee Colony Loss Clean.xlsx,Southeast,Arkansas,2010-11,2010-11,43,297,297,297,6.906976744,30%
98.2%,96.8%,2010-2011,data/BIP Bee Colony Loss Clean.xlsx,Southeast,Kentucky,2010-11,2010-11,55,931,931,931,16.927272727,31%
95.8%,58.6%,2010-2011,data/BIP Bee Colony Loss Clean.xlsx,Southeast,Virginia,2010-11,2010-11,406,4145,4145,4145,10.209359606,31%
100%,100%,2010-2011,data/BIP Bee Colony Loss Clean.xlsx,Southwest,Arizona,2010-11,2010-11,7,41,41,41,5.857142857,31%
97.6%,98.7%,2010-2011,data/BIP Bee Colony Loss Clean.xlsx,Northeast,New Hampshire,2010-11,2010-11,84,890,890,890,10.595238095,31%
77.8%,0.1%,2010-2011,data/BIP Bee Colony Loss Clean.xlsx,Midwest,South Dakota,2010-11,2010-11,18,78217,78217,78217,4345.388888889,32%
83.3%,9.7%,2010-2011,data/BIP Bee Colony Loss Clean.xlsx,Midwest,Minnesota,2010-11,2010-11,54,101255,101255,101255,1875.092592593,32%
98.2%,22.2%,2010-2011,data/BIP Bee Colony Loss Clean.xlsx,Midwest,Michigan,2010-11,2010-11,278,21212,21212,21212,76.302158273,32%
95.4%,16.9%,2010-2011,data/BIP Bee Colony Loss Clean.xlsx,Northeast,Massachusetts,2010-11,2010-11,219,13550,13550,13550,61.872146119,35%
89%,21.3%,2010-2011,data/BIP Bee Colony Loss Clean.xlsx,Southeast,South Carolina,2010-11,2010-11,82,2757,2757,2757,33.621951220,39%
93.2%,7.3%,2010-2011,data/BIP Bee Colony Loss Clean.xlsx,Southeast,Florida,2010-11,2010-11,133,28065,28065,28065,211.015037594,40%
99.6%,99.9%,2010-2011,data/BIP Bee Colony Loss Clean.xlsx,Midwest,Ohio,2010-11,2010-11,242,1577,1577,1577,6.516528926,43%
97.8%,95.5%,2010-2011,data/BIP Bee Colony Loss Clean.xlsx,Midwest,Illinois,2010-11,2010-11,136,1045,1045,1045,7.683823529,45%
95.3%,4.4%,2010-2011,data/BIP Bee Colony Loss Clean.xlsx,Northeast,Maine,2010-11,2010-11,106,14614,14614,14614,137.867924528,46%
100%,100%,2010-2011,data/BIP Bee Colony Loss Clean.xlsx,Midwest,Indiana,2010-11,2010-11,152,1205,1205,1205,7.927631579,46%
95.1%,56.8%,2010-2011,data/BIP Bee Colony Loss Clean.xlsx,Northeast,Connecticut,2010-11,2010-11,102,884,884,884,8.666666667,47%
95.5%,94.4%,2010-2011,data/BIP Bee Colony Loss Clean.xlsx,Northeast,Rhode Island,2010-11,2010-11,66,214,214,214,3.242424242,49%
97.7%,94.6%,2010-2011,data/BIP Bee Colony Loss Clean.xlsx,Northeast,Maryland,2010-11,2010-11,172,1456,1456,1456,8.465116279,50%
97.1%,53.6%,2010-2011,data/BIP Bee Colony Loss Clean.xlsx,West,Colorado,2010-11,2010-11,137,1744,1744,1744,12.729927007,53%
91.1%,85.5%,2010-2011,data/BIP Bee Colony Loss Clean.xlsx,Southeast,West Virginia,2010-11,2010-11,56,559,559,559,9.982142857,55%
92.2%,26.6%,2010-2011,data/BIP Bee Colony Loss Clean.xlsx,Northeast,New York,2010-11,2010-11,217,7912,7912,7912,36.460829493,59%
93.3%,86.9%,2010-2011,data/BIP Bee Colony Loss Clean.xlsx,Northeast,Delaware,2010-11,2010-11,15,61,61,61,4.066666667,59%
93.7%,22.1%,2010-2011,data/BIP Bee Colony Loss Clean.xlsx,Southeast,Georgia,2010-11,2010-11,143,6006,6006,6006,42,64%
96.4%,99.7%,2010-2011,data/BIP Bee Colony Loss Clean.xlsx,Midwest,Iowa,2010-11,2010-11,28,729,729,729,26.035714286,66%
96%,96.9%,2010-2011,data/BIP Bee Colony Loss Clean.xlsx,Midwest,Wisconsin,2010-11,2010-11,126,2904,2904,2904,23.047619048,66%
98.4%,52.7%,2010-2011,data/BIP Bee Colony Loss Clean.xlsx,Northeast,Pennsylvania,2010-11,2010-11,430,7150,7150,7150,16.627906977,67%
100%,100%,2009-2019,data/BIP Bee Colony Loss Clean.xlsx,Hawaii,Hawaii,2011-12,2011-12,29,9903,9903,9903,341.482758621,6%
81.8%,5.3%,2009-2019,data/BIP Bee Colony Loss Clean.xlsx,West,Montana,2011-12,2011-12,33,22862,22862,22862,692.787878788,7%
95%,98.5%,2009-2019,data/BIP Bee Colony Loss Clean.xlsx,Southeast,Alabama,2011-12,2011-12,40,539,539,539,13.475,8%
100%,100%,2009-2019,data/BIP Bee Colony Loss Clean.xlsx,Southeast,Louisiana,2011-12,2011-12,23,2514,2514,2514,109.304347826,10%
100%,100%,2009-2019,data/BIP Bee Colony Loss Clean.xlsx,West,Wyoming,2011-12,2011-12,6,3372,3372,3372,562,11%
96.6%,36.6%,2009-2019,data/BIP Bee Colony Loss Clean.xlsx,Midwest,Indiana,2011-12,2011-12,88,2168,2168,2168,24.636363636,11%
90.5%,56.7%,2009-2019,data/BIP Bee Colony Loss Clean.xlsx,West,Idaho,2011-12,2011-12,42,12203,12203,12203,290.547619048,12%
97.9%,86.7%,2009-2019,data/BIP Bee Colony Loss Clean.xlsx,Midwest,Missouri,2011-12,2011-12,97,1454,1454,1454,14.989690722,12%
96.8%,98%,2009-2019,data/BIP Bee Colony Loss Clean.xlsx,Northeast,Rhode Island,2011-12,2011-12,31,152,152,152,4.903225806,13%
91.7%,19.8%,2009-2019,data/BIP Bee Colony Loss Clean.xlsx,West,Oregon,2011-12,2011-12,144,36105,36105,36105,250.729166667,13%
97.7%,9.8%,2009-2019,data/BIP Bee Colony Loss Clean.xlsx,West,Utah,2011-12,2011-12,85,4962,4962,4962,58.376470588,13%
71.4%,0.2%,2009-2019,data/BIP Bee Colony Loss Clean.xlsx,Midwest,South Dakota,2011-12,2011-12,7,28448,28448,28448,4064,15%
95.1%,84%,2009-2019,data/BIP Bee Colony Loss Clean.xlsx,Southeast,Tennessee,2011-12,2011-12,102,1246,1246,1246,12.215686275,16%
98.3%,38.2%,2009-2019,data/BIP Bee Colony Loss Clean.xlsx,Midwest,Michigan,2011-12,2011-12,237,9293,9293,9293,39.210970464,18%
16.7%,3.5%,2009-2019,data/BIP Bee Colony Loss Clean.xlsx,Midwest,North Dakota,2011-12,2011-12,12,60837,60837,60837,5069.75,18%
93.1%,5.9%,2009-2019,data/BIP Bee Colony Loss Clean.xlsx,West,Washington,2011-12,2011-12,130,45444,45444,45444,349.569230769,18%
95.5%,40%,2009-2019,data/BIP Bee Colony Loss Clean.xlsx,Northeast,Vermont,2011-12,2011-12,89,1923,1923,1923,21.606741573,18%
98.3%,98%,2009-2019,data/BIP Bee Colony Loss Clean.xlsx,Southeast,Virginia,2011-12,2011-12,533,3343,3343,3343,6.272045028,18%
87.5%,10.7%,2009-2019,data/BIP Bee Colony Loss Clean.xlsx,Northeast,New Jersey,2011-12,2011-12,72,5195,5195,5195,72.152777778,19%
95.3%,13.4%,2009-2019,data/BIP Bee Colony Loss Clean.xlsx,Southeast,South Carolina,2011-12,2011-12,86,5926,5926,5926,68.906976744,19%
100%,100%,2009-2019,data/BIP Bee Colony Loss Clean.xlsx,Southwest,Oklahoma,2011-12,2011-12,28,158,158,158,5.642857143,19%
96.4%,89.3%,2009-2019,data/BIP Bee Colony Loss Clean.xlsx,Midwest,Wisconsin,2011-12,2011-12,138,1594,1594,1594,11.550724638,19%
96.4%,16.6%,2009-2019,data/BIP Bee Colony Loss Clean.xlsx,Northeast,Massachusetts,2011-12,2011-12,221,12212,12212,12212,55.257918552,19%
92.1%,83.5%,2009-2019,data/BIP Bee Colony Loss Clean.xlsx,Northeast,New Hampshire,2011-12,2011-12,63,857,857,857,13.603174603,20%
97.6%,83.8%,2009-2019,data/BIP Bee Colony Loss Clean.xlsx,Southeast,Arkansas,2011-12,2011-12,41,383,383,383,9.341463415,21%
91.3%,46.6%,2009-2019,data/BIP Bee Colony Loss Clean.xlsx,Midwest,Kansas,2011-12,2011-12,23,534,534,534,23.217391304,23%
85.4%,20.1%,2009-2019,data/BIP Bee Colony Loss Clean.xlsx,West,California,2011-12,2011-12,301,245111,245111,245111,814.322259136,23%
88.9%,0.4%,2009-2019,data/BIP Bee Colony Loss Clean.xlsx,Midwest,Nebraska,2011-12,2011-12,9,9038,9038,9038,1004.222222222,23%
91.7%,73%,2009-2019,data/BIP Bee Colony Loss Clean.xlsx,Northeast,Connecticut,2011-12,2011-12,60,682,682,682,11.366666667,24%
90.9%,94.2%,2009-2019,data/BIP Bee Colony Loss Clean.xlsx,Northeast,District of Columbia,2011-12,2011-12,11,3062,3062,3062,278.363636364,24%
75%,48.3%,2009-2019,data/BIP Bee Colony Loss Clean.xlsx,Southwest,Arizona,2011-12,2011-12,8,447,447,447,55.875,25%
0%,0%,2009-2019,data/BIP Bee Colony Loss Clean.xlsx,MultiStateOperation,MultiStateOperation,2011-12,2011-12,117,211884,211884,211884,1810.974358974,25%
90.6%,31.8%,2009-2019,data/BIP Bee Colony Loss Clean.xlsx,Southeast,Florida,2011-12,2011-12,106,35153,35153,35153,331.632075472,25%
95%,4.7%,2009-2019,data/BIP Bee Colony Loss Clean.xlsx,Northeast,Maine,2011-12,2011-12,139,20812,20812,20812,149.726618705,26%
98.3%,69.6%,2009-2019,data/BIP Bee Colony Loss Clean.xlsx,Midwest,Ohio,2011-12,2011-12,231,4714,4714,4714,20.406926407,27%
97.9%,72%,2009-2019,data/BIP Bee Colony Loss Clean.xlsx,Northeast,Maryland,2011-12,2011-12,335,2187,2187,2187,6.528358209,27%
97.9%,82%,2009-2019,data/BIP Bee Colony Loss Clean.xlsx,Southeast,North Carolina,2011-12,2011-12,431,3917,3917,3917,9.088167053,27%
77.8%,4%,2009-2019,data/BIP Bee Colony Loss Clean.xlsx,West,Nevada,2011-12,2011-12,18,1660,1660,1660,92.222222222,28%
92.7%,16.5%,2009-2019,data/BIP Bee Colony Loss Clean.xlsx,Northeast,New York,2011-12,2011-12,191,14102,14102,14102,73.832460733,29%
97.8%,92.9%,2009-2019,data/BIP Bee Colony Loss Clean.xlsx,Southeast,Kentucky,2011-12,2011-12,46,705,705,705,15.326086957,31%
98.4%,98%,2009-2019,data/BIP Bee Colony Loss Clean.xlsx,Midwest,Minnesota,2011-12,2011-12,63,757,757,757,12.015873016,31%
88.2%,38.1%,2009-2019,data/BIP Bee Colony Loss Clean.xlsx,Southeast,West Virginia,2011-12,2011-12,51,826,826,826,16.196078431,31%
98.5%,78%,2009-2019,data/BIP Bee Colony Loss Clean.xlsx,West,Colorado,2011-12,2011-12,129,1227,1227,1227,9.511627907,32%
91.7%,0.6%,2009-2019,data/BIP Bee Colony Loss Clean.xlsx,Southwest,Texas,2011-12,2011-12,48,78694,78694,78694,1639.458333333,32%
84.6%,0.1%,2009-2019,data/BIP Bee Colony Loss Clean.xlsx,Southeast,Mississippi,2011-12,2011-12,13,72290,72290,72290,5560.769230769,34%
100%,100%,2009-2019,data/BIP Bee Colony Loss Clean.xlsx,Southwest,New Mexico,2011-12,2011-12,14,214,214,214,15.285714286,36%
97%,42.8%,2009-2019,data/BIP Bee Colony Loss Clean.xlsx,Northeast,Pennsylvania,2011-12,2011-12,703,11357,11357,11357,16.155049787,38%
93.9%,14.5%,2009-2019,data/BIP Bee Colony Loss Clean.xlsx,Southeast,Georgia,2011-12,2011-12,148,10446,10446,10446,70.581081081,40%
97.4%,76.7%,2009-2019,data/BIP Bee Colony Loss Clean.xlsx,Midwest,Iowa,2011-12,2011-12,39,1525,1525,1525,39.102564103,40%
97.8%,66.9%,2009-2019,data/BIP Bee Colony Loss Clean.xlsx,Midwest,Illinois,2011-12,2011-12,93,1085,1085,1085,11.666666667,42%
89.7%,48.8%,2009-2019,data/BIP Bee Colony Loss Clean.xlsx,Northeast,Delaware,2011-12,2011-12,29,420,420,420,14.482758621,48%
98.4%,96.5%,2012-2013,data/BIP Bee Colony Loss Clean.xlsx,Hawaii,Hawaii,2012-13,2012-13,61,12900,12900,12900,211.475409836,11%
92.3%,2.2%,2012-2013,data/BIP Bee Colony Loss Clean.xlsx,Southwest,Arizona,2012-13,2012-13,13,2069,2069,2069,159.153846154,13%
98.2%,96.2%,2012-2013,data/BIP Bee Colony Loss Clean.xlsx,Southeast,Arkansas,2012-13,2012-13,56,1988,1988,1988,35.5,14%
94.6%,8.9%,2012-2013,data/BIP Bee Colony Loss Clean.xlsx,Southwest,Oklahoma,2012-13,2012-13,37,3389,3389,3389,91.594594595,14%
97.9%,22.8%,2012-2013,data/BIP Bee Colony Loss Clean.xlsx,Southeast,South Carolina,2012-13,2012-13,97,4097,4097,4097,42.237113402,16%
94%,93.1%,2012-2013,data/BIP Bee Colony Loss Clean.xlsx,Southeast,Alabama,2012-13,2012-13,50,2667,2667,2667,53.34,16%
87.9%,3%,2012-2013,data/BIP Bee Colony Loss Clean.xlsx,Northeast,Delaware,2012-13,2012-13,33,10010,10010,10010,303.333333333,17%
92%,2.6%,2012-2013,data/BIP Bee Colony Loss Clean.xlsx,Northeast,New Jersey,2012-13,2012-13,87,24746,24746,24746,284.436781609,17%
63%,1.7%,2012-2013,data/BIP Bee Colony Loss Clean.xlsx,West,Montana,2012-13,2012-13,46,63014,63014,63014,1369.869565217,17%
100%,100%,2012-2013,data/BIP Bee Colony Loss Clean.xlsx,Southeast,Louisiana,2012-13,2012-13,22,2264,2264,2264,102.909090909,18%
99.3%,33.1%,2012-2013,data/BIP Bee Colony Loss Clean.xlsx,Midwest,Ohio,2012-13,2012-13,281,11989,11989,11989,42.665480427,19%
56.1%,2.6%,2012-2013,data/BIP Bee Colony Loss Clean.xlsx,West,Idaho,2012-13,2012-13,41,66660,66660,66660,1625.853658537,21%
96.6%,2.6%,2012-2013,data/BIP Bee Colony Loss Clean.xlsx,Northeast,Maine,2012-13,2012-13,177,47851,47851,47851,270.344632768,21%
96.3%,15.5%,2012-2013,data/BIP Bee Colony Loss Clean.xlsx,Northeast,Maryland,2012-13,2012-13,271,11840,11840,11840,43.690036900,21%
97.8%,16.6%,2012-2013,data/BIP Bee Colony Loss Clean.xlsx,Midwest,Michigan,2012-13,2012-13,313,23519,23519,23519,75.140575080,22%
98%,10.5%,2012-2013,data/BIP Bee Colony Loss Clean.xlsx,Northeast,Massachusetts,2012-13,2012-13,245,17896,17896,17896,73.044897959,22%
93.3%,2.1%,2012-2013,data/BIP Bee Colony Loss Clean.xlsx,West,Washington,2012-13,2012-13,178,69593,69593,69593,390.971910112,23%
97.8%,33.2%,2012-2013,data/BIP Bee Colony Loss Clean.xlsx,Southeast,Virginia,2012-13,2012-13,699,14752,14752,14752,21.104434907,23%
97.1%,72.1%,2012-2013,data/BIP Bee Colony Loss Clean.xlsx,Midwest,Missouri,2012-13,2012-13,104,1596,1596,1596,15.346153846,23%
94.6%,26.8%,2012-2013,data/BIP Bee Colony Loss Clean.xlsx,Midwest,Wisconsin,2012-13,2012-13,184,20854,20854,20854,113.336956522,23%
97.1%,44.3%,2012-2013,data/BIP Bee Colony Loss Clean.xlsx,Midwest,Indiana,2012-13,2012-13,173,4030,4030,4030,23.294797688,25%
82.3%,11.4%,2012-2013,data/BIP Bee Colony Loss Clean.xlsx,Southeast,Florida,2012-13,2012-13,136,49702,49702,49702,365.455882353,25%
10.3%,0%,2012-2013,data/BIP Bee Colony Loss Clean.xlsx,Midwest,North Dakota,2012-13,2012-13,39,220230,220230,220230,5646.923076923,26%
93%,13.7%,2012-2013,data/BIP Bee Colony Loss Clean.xlsx,Northeast,New York,2012-13,2012-13,270,46196,46196,46196,171.096296296,27%
93.3%,23.5%,2012-2013,data/BIP Bee Colony Loss Clean.xlsx,West,Oregon,2012-13,2012-13,194,37938,37938,37938,195.556701031,27%
93.4%,58.7%,2012-2013,data/BIP Bee Colony Loss Clean.xlsx,Northeast,Vermont,2012-13,2012-13,76,4152,4152,4152,54.631578947,27%
98%,28.7%,2012-2013,data/BIP Bee Colony Loss Clean.xlsx,Midwest,Illinois,2012-13,2012-13,202,5281,5281,5281,26.143564356,28%
97%,22%,2012-2013,data/BIP Bee Colony Loss Clean.xlsx,Northeast,Pennsylvania,2012-13,2012-13,565,25443,25443,25443,45.031858407,28%
67.8%,15.8%,2012-2013,data/BIP Bee Colony Loss Clean.xlsx,West,California,2012-13,2012-13,292,490737,490737,490737,1680.606164384,28%
93.7%,39.3%,2012-2013,data/BIP Bee Colony Loss Clean.xlsx,Midwest,Iowa,2012-13,2012-13,63,6535,6535,6535,103.730158730,29%
0%,0%,2012-2013,data/BIP Bee Colony Loss Clean.xlsx,MultiStateOperation,MultiStateOperation,2012-13,2012-13,197,451785,451785,451785,2293.324873096,29%
86.3%,19%,2012-2013,data/BIP Bee Colony Loss Clean.xlsx,Midwest,Kansas,2012-13,2012-13,51,2329,2329,2329,45.666666667,30%
63.6%,0.3%,2012-2013,data/BIP Bee Colony Loss Clean.xlsx,West,Nevada,2012-13,2012-13,11,6720,6720,6720,610.909090909,32%
92.6%,89.8%,2012-2013,data/BIP Bee Colony Loss Clean.xlsx,Southwest,New Mexico,2012-13,2012-13,27,128,128,128,4.740740741,33%
95.5%,92.3%,2012-2013,data/BIP Bee Colony Loss Clean.xlsx,Southeast,Kentucky,2012-13,2012-13,67,749,749,749,11.179104478,33%
96.6%,82.6%,2012-2013,data/BIP Bee Colony Loss Clean.xlsx,Southeast,North Carolina,2012-13,2012-13,415,5181,5181,5181,12.484337349,34%
78.6%,60%,2012-2013,data/BIP Bee Colony Loss Clean.xlsx,Northeast,Rhode Island,2012-13,2012-13,28,205,205,205,7.321428571,35%
99%,87.3%,2012-2013,data/BIP Bee Colony Loss Clean.xlsx,Northeast,New Hampshire,2012-13,2012-13,96,898,898,898,9.354166667,35%
77.9%,0.9%,2012-2013,data/BIP Bee Colony Loss Clean.xlsx,Southwest,Texas,2012-13,2012-13,77,80014,80014,80014,1039.142857143,37%
61.9%,1.2%,2012-2013,data/BIP Bee Colony Loss Clean.xlsx,West,Wyoming,2012-13,2012-13,21,16355,16355,16355,778.809523810,38%
87.8%,1.8%,2012-2013,data/BIP Bee Colony Loss Clean.xlsx,Southeast,Mississippi,2012-13,2012-13,41,89705,89705,89705,2187.926829268,38%
73.9%,0.4%,2012-2013,data/BIP Bee Colony Loss Clean.xlsx,Midwest,Nebraska,2012-13,2012-13,23,77173,77173,77173,3355.347826087,38%
86.3%,25.5%,2012-2013,data/BIP Bee Colony Loss Clean.xlsx,Midwest,Minnesota,2012-13,2012-13,117,53734,53734,53734,459.264957265,39%
62.5%,3.4%,2012-2013,data/BIP Bee Colony Loss Clean.xlsx,Midwest,South Dakota,2012-13,2012-13,8,77790,77790,77790,9723.75,39%
90%,5.5%,2012-2013,data/BIP Bee Colony Loss Clean.xlsx,West,Utah,2012-13,2012-13,80,12897,12897,12897,161.2125,41%
94.7%,69.2%,2012-2013,data/BIP Bee Colony Loss Clean.xlsx,Southeast,Tennessee,2012-13,2012-13,94,1280,1280,1280,13.617021277,43%
88.9%,10.3%,2012-2013,data/BIP Bee Colony Loss Clean.xlsx,Southeast,Georgia,2012-13,2012-13,117,9483,9483,9483,81.051282051,43%
94.2%,31%,2012-2013,data/BIP Bee Colony Loss Clean.xlsx,Southeast,West Virginia,2012-13,2012-13,86,2562,2562,2562,29.790697674,45%
97.8%,88.6%,2012-2013,data/BIP Bee Colony Loss Clean.xlsx,West,Colorado,2012-13,2012-13,314,1694,1694,1694,5.394904459,47%
92.3%,71.2%,2012-2013,data/BIP Bee Colony Loss Clean.xlsx,Northeast,Connecticut,2012-13,2012-13,78,1009,1009,1009,12.935897436,52%
78.6%,10.3%,2012-2013,data/BIP Bee Colony Loss Clean.xlsx,Northeast,District of Columbia,2012-13,2012-13,14,300,300,300,21.428571429,55%
94.7%,74.5%,2013-2014,data/BIP Bee Colony Loss Clean.xlsx,Southeast,Alabama,2013-14,2013-14,38,345,345,345,9.078947368,11%
36.4%,0.1%,2013-2014,data/BIP Bee Colony Loss Clean.xlsx,West,Wyoming,2013-14,2013-14,11,20661,20661,20661,1878.272727273,12%
75%,0.4%,2013-2014,data/BIP Bee Colony Loss Clean.xlsx,West,Montana,2013-14,2013-14,28,28378,28378,28378,1013.5,13%
98.7%,48.2%,2013-2014,data/BIP Bee Colony Loss Clean.xlsx,Hawaii,Hawaii,2013-14,2013-14,75,13511,13511,13511,180.146666667,13%
61%,8.4%,2013-2014,data/BIP Bee Colony Loss Clean.xlsx,West,Idaho,2013-14,2013-14,41,96469,96469,96469,2352.902439024,13%
95.5%,24.5%,2013-2014,data/BIP Bee Colony Loss Clean.xlsx,Southeast,Louisiana,2013-14,2013-14,22,9276,9276,9276,421.636363636,16%
94.6%,7.8%,2013-2014,data/BIP Bee Colony Loss Clean.xlsx,Southeast,Arkansas,2013-14,2013-14,74,8676,8676,8676,117.243243243,16%
83.6%,2.6%,2013-2014,data/BIP Bee Colony Loss Clean.xlsx,West,Utah,2013-14,2013-14,61,9250,9250,9250,151.639344262,16%
92.8%,10.1%,2013-2014,data/BIP Bee Colony Loss Clean.xlsx,West,Oregon,2013-14,2013-14,222,50691,50691,50691,228.337837838,17%
97.8%,1.2%,2013-2014,data/BIP Bee Colony Loss Clean.xlsx,West,Colorado,2013-14,2013-14,224,68982,68982,68982,307.955357143,18%
80%,0.1%,2013-2014,data/BIP Bee Colony Loss Clean.xlsx,Midwest,Nebraska,2013-14,2013-14,15,79237,79237,79237,5282.466666667,18%
94.5%,2.9%,2013-2014,data/BIP Bee Colony Loss Clean.xlsx,Southeast,North Carolina,2013-14,2013-14,292,71168,71168,71168,243.726027397,18%
76.8%,1.9%,2013-2014,data/BIP Bee Colony Loss Clean.xlsx,Southwest,Texas,2013-14,2013-14,82,125685,125685,125685,1532.743902439,19%
52.9%,0%,2013-2014,data/BIP Bee Colony Loss Clean.xlsx,Midwest,South Dakota,2013-14,2013-14,17,80228,80228,80228,4719.294117647,20%
89.1%,5.9%,2013-2014,data/BIP Bee Colony Loss Clean.xlsx,Midwest,Wisconsin,2013-14,2013-14,183,36244,36244,36244,198.054644809,20%
95.1%,81.6%,2013-2014,data/BIP Bee Colony Loss Clean.xlsx,Southeast,Tennessee,2013-14,2013-14,102,1066,1066,1066,10.450980392,20%
67.9%,8.9%,2013-2014,data/BIP Bee Colony Loss Clean.xlsx,West,California,2013-14,2013-14,293,392531,392531,392531,1339.696245734,21%
81.9%,7.1%,2013-2014,data/BIP Bee Colony Loss Clean.xlsx,Southeast,Florida,2013-14,2013-14,166,51693,51693,51693,311.403614458,21%
0%,0%,2013-2014,data/BIP Bee Colony Loss Clean.xlsx,MultiStateOperation,MultiStateOperation,2013-14,2013-14,209,386373,386373,386373,1848.674641148,21%
65.2%,0.3%,2013-2014,data/BIP Bee Colony Loss Clean.xlsx,Southeast,Mississippi,2013-14,2013-14,23,85643,85643,85643,3723.608695652,21%
90%,2.6%,2013-2014,data/BIP Bee Colony Loss Clean.xlsx,Midwest,Minnesota,2013-14,2013-14,140,97604,97604,97604,697.171428571,21%
95.9%,9%,2013-2014,data/BIP Bee Colony Loss Clean.xlsx,Northeast,New Jersey,2013-14,2013-14,197,14714,14714,14714,74.690355330,23%
100%,100%,2013-2014,data/BIP Bee Colony Loss Clean.xlsx,Southwest,New Mexico,2013-14,2013-14,23,116,116,116,5.043478261,24%
3.2%,0%,2013-2014,data/BIP Bee Colony Loss Clean.xlsx,Midwest,North Dakota,2013-14,2013-14,31,150882,150882,150882,4867.161290323,25%
78.6%,0.7%,2013-2014,data/BIP Bee Colony Loss Clean.xlsx,Northeast,Delaware,2013-14,2013-14,28,10160,10160,10160,362.857142857,25%
95.4%,18.2%,2013-2014,data/BIP Bee Colony Loss Clean.xlsx,Northeast,Massachusetts,2013-14,2013-14,196,10490,10490,10490,53.520408163,25%
90.1%,1.7%,2013-2014,data/BIP Bee Colony Loss Clean.xlsx,West,Washington,2013-14,2013-14,161,74378,74378,74378,461.975155280,26%
87.8%,12.4%,2013-2014,data/BIP Bee Colony Loss Clean.xlsx,Southeast,Georgia,2013-14,2013-14,107,12352,12352,12352,115.439252336,26%
93.2%,13.4%,2013-2014,data/BIP Bee Colony Loss Clean.xlsx,Northeast,Maryland,2013-14,2013-14,192,11871,11871,11871,61.828125,27%
96.4%,3.6%,2013-2014,data/BIP Bee Colony Loss Clean.xlsx,Northeast,Maine,2013-14,2013-14,166,29096,29096,29096,175.277108434,27%
98.2%,35.1%,2013-2014,data/BIP Bee Colony Loss Clean.xlsx,Southeast,Virginia,2013-14,2013-14,796,15726,15726,15726,19.756281407,27%
96.1%,57.6%,2013-2014,data/BIP Bee Colony Loss Clean.xlsx,Southeast,South Carolina,2013-14,2013-14,155,2313,2313,2313,14.922580645,28%
94.3%,18.3%,2013-2014,data/BIP Bee Colony Loss Clean.xlsx,Northeast,New York,2013-14,2013-14,211,20607,20607,20607,97.663507109,30%
97%,19.7%,2013-2014,data/BIP Bee Colony Loss Clean.xlsx,Midwest,Michigan,2013-14,2013-14,460,24523,24523,24523,53.310869565,31%
97.9%,25.2%,2013-2014,data/BIP Bee Colony Loss Clean.xlsx,Midwest,Ohio,2013-14,2013-14,486,13724,13724,13724,28.238683128,32%
98.2%,31%,2013-2014,data/BIP Bee Colony Loss Clean.xlsx,Northeast,Pennsylvania,2013-14,2013-14,1081,23126,23126,23126,21.393154487,32%
83.3%,12%,2013-2014,data/BIP Bee Colony Loss Clean.xlsx,West,Nevada,2013-14,2013-14,12,625,625,625,52.083333333,32%
70.8%,38%,2013-2014,data/BIP Bee Colony Loss Clean.xlsx,Northeast,Rhode Island,2013-14,2013-14,24,205,205,205,8.541666667,33%
96.8%,49%,2013-2014,data/BIP Bee Colony Loss Clean.xlsx,Midwest,Indiana,2013-14,2013-14,216,3713,3713,3713,17.189814815,33%
96.9%,83.4%,2013-2014,data/BIP Bee Colony Loss Clean.xlsx,Midwest,Missouri,2013-14,2013-14,97,1396,1396,1396,14.391752577,34%
83.3%,98.3%,2013-2014,data/BIP Bee Colony Loss Clean.xlsx,Southwest,Arizona,2013-14,2013-14,6,362,362,362,60.333333333,35%
96.4%,73%,2013-2014,data/BIP Bee Colony Loss Clean.xlsx,Southeast,Kentucky,2013-14,2013-14,112,1500,1500,1500,13.392857143,37%
100%,100%,2013-2014,data/BIP Bee Colony Loss Clean.xlsx,Alaska,Alaska,2013-14,2013-14,5,21,21,21,4.2,38%
90.9%,68.3%,2013-2014,data/BIP Bee Colony Loss Clean.xlsx,Northeast,Connecticut,2013-14,2013-14,77,816,816,816,10.597402597,40%
91.2%,3.7%,2013-2014,data/BIP Bee Colony Loss Clean.xlsx,Southwest,Oklahoma,2013-14,2013-14,34,6551,6551,6551,192.676470588,40%
92%,67.9%,2013-2014,data/BIP Bee Colony Loss Clean.xlsx,Southeast,West Virginia,2013-14,2013-14,75,1125,1125,1125,15,42%
96.2%,95.9%,2013-2014,data/BIP Bee Colony Loss Clean.xlsx,Northeast,Vermont,2013-14,2013-14,104,1696,1696,1696,16.307692308,42%
95.3%,64.5%,2013-2014,data/BIP Bee Colony Loss Clean.xlsx,Midwest,Kansas,2013-14,2013-14,43,575,575,575,13.372093023,44%
96.7%,83.2%,2013-2014,data/BIP Bee Colony Loss Clean.xlsx,Midwest,Iowa,2013-14,2013-14,61,1257,1257,1257,20.606557377,50%
96%,62.4%,2013-2014,data/BIP Bee Colony Loss Clean.xlsx,Northeast,New Hampshire,2013-14,2013-14,74,529,529,529,7.148648649,53%
96.2%,47.5%,2013-2014,data/BIP Bee Colony Loss Clean.xlsx,Midwest,Illinois,2013-14,2013-14,159,2438,2438,2438,15.333333333,61%
62.5%,9.9%,2013-2014,data/BIP Bee Colony Loss Clean.xlsx,Northeast,District of Columbia,2013-14,2013-14,8,192,192,192,24,71%
62.5%,2.5%,2014-2015,data/BIP Bee Colony Loss Clean.xlsx,West,Nevada,2014-15,2014-15,8,1147,1147,1147,143.375,5%
97.1%,99.1%,2014-2015,data/BIP Bee Colony Loss Clean.xlsx,Hawaii,Hawaii,2014-15,2014-15,34,10165,10165,10165,298.970588235,9%
94.9%,33.9%,2014-2015,data/BIP Bee Colony Loss Clean.xlsx,West,Oregon,2014-15,2014-15,177,38036,38036,38036,214.892655367,15%
77.4%,0.3%,2014-2015,data/BIP Bee Colony Loss Clean.xlsx,West,Idaho,2014-15,2014-15,62,74921,74921,74921,1208.403225806,16%
50%,0%,2014-2015,data/BIP Bee Colony Loss Clean.xlsx,Midwest,South Dakota,2014-15,2014-15,16,76136,76136,76136,4758.5,16%
97.7%,1.6%,2014-2015,data/BIP Bee Colony Loss Clean.xlsx,West,Colorado,2014-15,2014-15,214,63126,63126,63126,294.981308411,17%
97.1%,25.2%,2014-2015,data/BIP Bee Colony Loss Clean.xlsx,Midwest,Indiana,2014-15,2014-15,138,3770,3770,3770,27.318840580,17%
80%,0.1%,2014-2015,data/BIP Bee Colony Loss Clean.xlsx,Midwest,Nebraska,2014-15,2014-15,15,72610,72610,72610,4840.666666667,17%
66.7%,0.2%,2014-2015,data/BIP Bee Colony Loss Clean.xlsx,West,Wyoming,2014-15,2014-15,12,14282,14282,14282,1190.166666667,17%
85.1%,1.3%,2014-2015,data/BIP Bee Colony Loss Clean.xlsx,West,Utah,2014-15,2014-15,47,16677,16677,16677,354.829787234,17%
11.8%,0%,2014-2015,data/BIP Bee Colony Loss Clean.xlsx,Midwest,North Dakota,2014-15,2014-15,34,199777,199777,199777,5875.794117647,18%
85.3%,0.9%,2014-2015,data/BIP Bee Colony Loss Clean.xlsx,Midwest,Minnesota,2014-15,2014-15,109,77361,77361,77361,709.733944954,19%
83.3%,5.3%,2014-2015,data/BIP Bee Colony Loss Clean.xlsx,Southeast,Mississippi,2014-15,2014-15,12,6123,6123,6123,510.25,20%
63.9%,10.8%,2014-2015,data/BIP Bee Colony Loss Clean.xlsx,West,California,2014-15,2014-15,208,320003,320003,320003,1538.475961538,20%
94.2%,80.5%,2014-2015,data/BIP Bee Colony Loss Clean.xlsx,Southeast,Arkansas,2014-15,2014-15,103,2072,2072,2072,20.116504854,20%
93%,1%,2014-2015,data/BIP Bee Colony Loss Clean.xlsx,West,Washington,2014-15,2014-15,158,107980,107980,107980,683.417721519,20%
87.3%,2.6%,2014-2015,data/BIP Bee Colony Loss Clean.xlsx,Southwest,Texas,2014-15,2014-15,157,109746,109746,109746,699.019108280,21%
0%,0%,2014-2015,data/BIP Bee Colony Loss Clean.xlsx,MultiStateOperation,MultiStateOperation,2014-15,2014-15,164,297803,297803,297803,1815.871951220,21%
96.3%,90.2%,2014-2015,data/BIP Bee Colony Loss Clean.xlsx,Southeast,Tennessee,2014-15,2014-15,82,1223,1223,1223,14.914634146,22%
89.9%,27.2%,2014-2015,data/BIP Bee Colony Loss Clean.xlsx,Southeast,South Carolina,2014-15,2014-15,79,2061,2061,2061,26.088607595,22%
86.4%,40.7%,2014-2015,data/BIP Bee Colony Loss Clean.xlsx,Southeast,Georgia,2014-15,2014-15,81,3977,3977,3977,49.098765432,24%
98.2%,90.2%,2014-2015,data/BIP Bee Colony Loss Clean.xlsx,Midwest,Michigan,2014-15,2014-15,284,9594,9594,9594,33.781690141,24%
97.4%,96.4%,2014-2015,data/BIP Bee Colony Loss Clean.xlsx,Midwest,Missouri,2014-15,2014-15,114,1823,1823,1823,15.991228070,25%
97.7%,85.4%,2014-2015,data/BIP Bee Colony Loss Clean.xlsx,Midwest,Kansas,2014-15,2014-15,44,871,871,871,19.795454545,27%
74.2%,5%,2014-2015,data/BIP Bee Colony Loss Clean.xlsx,West,Montana,2014-15,2014-15,31,30059,30059,30059,969.645161290,28%
94%,58.7%,2014-2015,data/BIP Bee Colony Loss Clean.xlsx,Northeast,Vermont,2014-15,2014-15,67,707,707,707,10.552238806,29%
86.4%,12.6%,2014-2015,data/BIP Bee Colony Loss Clean.xlsx,Southeast,Louisiana,2014-15,2014-15,22,3617,3617,3617,164.409090909,33%
97.7%,97.3%,2014-2015,data/BIP Bee Colony Loss Clean.xlsx,Southeast,North Carolina,2014-15,2014-15,301,2300,2300,2300,7.641196013,34%
96.8%,97.2%,2014-2015,data/BIP Bee Colony Loss Clean.xlsx,Southeast,Alabama,2014-15,2014-15,31,354,354,354,11.419354839,35%
95%,13.6%,2014-2015,data/BIP Bee Colony Loss Clean.xlsx,Northeast,New York,2014-15,2014-15,182,26818,26818,26818,147.351648352,35%
87.4%,8.3%,2014-2015,data/BIP Bee Colony Loss Clean.xlsx,Southeast,Florida,2014-15,2014-15,111,27403,27403,27403,246.873873874,36%
93.2%,65.8%,2014-2015,data/BIP Bee Colony Loss Clean.xlsx,Northeast,New Hampshire,2014-15,2014-15,59,651,651,651,11.033898305,36%
98.8%,98.8%,2014-2015,data/BIP Bee Colony Loss Clean.xlsx,Southeast,Virginia,2014-15,2014-15,722,5365,5365,5365,7.430747922,36%
94.6%,80.5%,2014-2015,data/BIP Bee Colony Loss Clean.xlsx,Northeast,New Jersey,2014-15,2014-15,112,1295,1295,1295,11.5625,37%
90%,5.4%,2014-2015,data/BIP Bee Colony Loss Clean.xlsx,Southwest,Oklahoma,2014-15,2014-15,40,5880,5880,5880,147,37%
97.1%,74.5%,2014-2015,data/BIP Bee Colony Loss Clean.xlsx,Southeast,Kentucky,2014-15,2014-15,70,674,674,674,9.628571429,38%
94.4%,10.4%,2014-2015,data/BIP Bee Colony Loss Clean.xlsx,Midwest,Wisconsin,2014-15,2014-15,161,21404,21404,21404,132.944099379,40%
96%,4%,2014-2015,data/BIP Bee Colony Loss Clean.xlsx,Northeast,Maine,2014-15,2014-15,126,18910,18910,18910,150.079365079,40%
70%,0.3%,2014-2015,data/BIP Bee Colony Loss Clean.xlsx,Northeast,Delaware,2014-15,2014-15,20,18426,18426,18426,921.3,41%
80%,2.3%,2014-2015,data/BIP Bee Colony Loss Clean.xlsx,Northeast,District of Columbia,2014-15,2014-15,5,265,265,265,53,41%
93.7%,8.6%,2014-2015,data/BIP Bee Colony Loss Clean.xlsx,Northeast,Maryland,2014-15,2014-15,158,10577,10577,10577,66.943037975,41%
98.3%,24.5%,2014-2015,data/BIP Bee Colony Loss Clean.xlsx,Northeast,Pennsylvania,2014-15,2014-15,860,24766,24766,24766,28.797674419,43%
95.8%,6.5%,2014-2015,data/BIP Bee Colony Loss Clean.xlsx,Southwest,New Mexico,2014-15,2014-15,24,1926,1926,1926,80.25,43%
97.4%,75.9%,2014-2015,data/BIP Bee Colony Loss Clean.xlsx,Northeast,Massachusetts,2014-15,2014-15,195,1477,1477,1477,7.574358974,43%
93.6%,68.7%,2014-2015,data/BIP Bee Colony Loss Clean.xlsx,Midwest,Iowa,2014-15,2014-15,47,947,947,947,20.148936170,47%
73.1%,24.4%,2014-2015,data/BIP Bee Colony Loss Clean.xlsx,Northeast,Rhode Island,2014-15,2014-15,26,397,397,397,15.269230769,47%
94.4%,59.5%,2014-2015,data/BIP Bee Colony Loss Clean.xlsx,Northeast,Connecticut,2014-15,2014-15,71,701,701,701,9.873239437,49%
98%,86.1%,2014-2015,data/BIP Bee Colony Loss Clean.xlsx,Midwest,Ohio,2014-15,2014-15,345,3387,3387,3387,9.817391304,50%
97.8%,76%,2014-2015,data/BIP Bee Colony Loss Clean.xlsx,Midwest,Illinois,2014-15,2014-15,137,1133,1133,1133,8.270072993,52%
90%,36%,2014-2015,data/BIP Bee Colony Loss Clean.xlsx,Southwest,Arizona,2014-15,2014-15,10,1032,1032,1032,103.2,53%
87%,46.8%,2014-2015,data/BIP Bee Colony Loss Clean.xlsx,Southeast,West Virginia,2014-15,2014-15,54,829,829,829,15.351851852,56%
98%,99.9%,2015-2016,data/BIP Bee Colony Loss Clean.xlsx,Hawaii,Hawaii,2015-16,2015-16,51,5350,5350,5350,104.901960784,2%
89.7%,47.7%,2015-2016,data/BIP Bee Colony Loss Clean.xlsx,Northeast,Vermont,2015-16,2015-16,58,2242,2242,2242,38.655172414,10%
38.9%,0.2%,2015-2016,data/BIP Bee Colony Loss Clean.xlsx,West,Montana,2015-16,2015-16,18,39811,39811,39811,2211.722222222,12%
100%,100%,2015-2016,data/BIP Bee Colony Loss Clean.xlsx,Southeast,Louisiana,2015-16,2015-16,24,646,646,646,26.916666667,14%
90.7%,29.1%,2015-2016,data/BIP Bee Colony Loss Clean.xlsx,Southeast,Arkansas,2015-16,2015-16,43,1216,1216,1216,28.279069767,15%
94.1%,4%,2015-2016,data/BIP Bee Colony Loss Clean.xlsx,West,Washington,2015-16,2015-16,136,28783,28783,28783,211.639705882,18%
71.4%,1.7%,2015-2016,data/BIP Bee Colony Loss Clean.xlsx,West,Wyoming,2015-16,2015-16,28,19395,19395,19395,692.678571429,18%
97.3%,2.5%,2015-2016,data/BIP Bee Colony Loss Clean.xlsx,Northeast,Maine,2015-16,2015-16,112,29967,29967,29967,267.5625,18%
77.8%,1.2%,2015-2016,data/BIP Bee Colony Loss Clean.xlsx,West,Nevada,2015-16,2015-16,9,2261,2261,2261,251.222222222,19%
93%,40.5%,2015-2016,data/BIP Bee Colony Loss Clean.xlsx,Southeast,Georgia,2015-16,2015-16,71,1424,1424,1424,20.056338028,19%
97.9%,97.4%,2015-2016,data/BIP Bee Colony Loss Clean.xlsx,Southeast,Alabama,2015-16,2015-16,47,463,463,463,9.851063830,20%
97.3%,27.6%,2015-2016,data/BIP Bee Colony Loss Clean.xlsx,West,Colorado,2015-16,2015-16,185,3253,3253,3253,17.583783784,21%
91.8%,22.2%,2015-2016,data/BIP Bee Colony Loss Clean.xlsx,West,Oregon,2015-16,2015-16,159,31555,31555,31555,198.459119497,22%
75%,12.8%,2015-2016,data/BIP Bee Colony Loss Clean.xlsx,Northeast,District of Columbia,2015-16,2015-16,8,117,117,117,14.625,22%
83.3%,75%,2015-2016,data/BIP Bee Colony Loss Clean.xlsx,Northeast,Rhode Island,2015-16,2015-16,24,108,108,108,4.5,23%
97.1%,92.3%,2015-2016,data/BIP Bee Colony Loss Clean.xlsx,Midwest,Missouri,2015-16,2015-16,138,1033,1033,1033,7.485507246,23%
97.3%,95.3%,2015-2016,data/BIP Bee Colony Loss Clean.xlsx,Southeast,Tennessee,2015-16,2015-16,113,1495,1495,1495,13.230088496,25%
67.9%,1.6%,2015-2016,data/BIP Bee Colony Loss Clean.xlsx,West,Idaho,2015-16,2015-16,53,91018,91018,91018,1717.320754717,25%
19.4%,0%,2015-2016,data/BIP Bee Colony Loss Clean.xlsx,Midwest,North Dakota,2015-16,2015-16,31,171301,171301,171301,5525.838709677,26%
97.2%,39.5%,2015-2016,data/BIP Bee Colony Loss Clean.xlsx,Southeast,South Carolina,2015-16,2015-16,107,1772,1772,1772,16.560747664,26%
0%,0%,2015-2016,data/BIP Bee Colony Loss Clean.xlsx,MultiStateOperation,MultiStateOperation,2015-16,2015-16,162,338628,338628,338628,2090.296296296,26%
63.7%,6.6%,2015-2016,data/BIP Bee Colony Loss Clean.xlsx,West,California,2015-16,2015-16,204,330890,330890,330890,1622.009803922,27%
98.5%,98.7%,2015-2016,data/BIP Bee Colony Loss Clean.xlsx,Midwest,Indiana,2015-16,2015-16,198,1738,1738,1738,8.777777778,27%
97.5%,97.8%,2015-2016,data/BIP Bee Colony Loss Clean.xlsx,Southeast,Kentucky,2015-16,2015-16,81,726,726,726,8.962962963,27%
77.8%,0.9%,2015-2016,data/BIP Bee Colony Loss Clean.xlsx,Midwest,Nebraska,2015-16,2015-16,18,26792,26792,26792,1488.444444444,27%
97.8%,15.5%,2015-2016,data/BIP Bee Colony Loss Clean.xlsx,Southwest,Oklahoma,2015-16,2015-16,46,4352,4352,4352,94.608695652,29%
98.4%,50%,2015-2016,data/BIP Bee Colony Loss Clean.xlsx,Midwest,Michigan,2015-16,2015-16,256,4772,4772,4772,18.640625,29%
92.2%,87%,2015-2016,data/BIP Bee Colony Loss Clean.xlsx,Northeast,New Hampshire,2015-16,2015-16,64,307,307,307,4.796875,30%
100%,100%,2015-2016,data/BIP Bee Colony Loss Clean.xlsx,Southwest,Arizona,2015-16,2015-16,8,43,43,43,5.375,30%
97.4%,21.6%,2015-2016,data/BIP Bee Colony Loss Clean.xlsx,Southeast,North Carolina,2015-16,2015-16,271,9514,9514,9514,35.107011070,31%
97%,96.6%,2015-2016,data/BIP Bee Colony Loss Clean.xlsx,Midwest,Ohio,2015-16,2015-16,296,2933,2933,2933,9.908783784,32%
98.3%,91.8%,2015-2016,data/BIP Bee Colony Loss Clean.xlsx,Southeast,Virginia,2015-16,2015-16,692,4019,4019,4019,5.807803468,32%
94.2%,12.8%,2015-2016,data/BIP Bee Colony Loss Clean.xlsx,Northeast,New York,2015-16,2015-16,189,24016,24016,24016,127.068783069,33%
84.8%,4.2%,2015-2016,data/BIP Bee Colony Loss Clean.xlsx,West,Utah,2015-16,2015-16,46,9891,9891,9891,215.021739130,35%
78.8%,1.3%,2015-2016,data/BIP Bee Colony Loss Clean.xlsx,Southwest,Texas,2015-16,2015-16,99,107590,107590,107590,1086.767676768,35%
90.6%,9.4%,2015-2016,data/BIP Bee Colony Loss Clean.xlsx,Midwest,Minnesota,2015-16,2015-16,170,25014,25014,25014,147.141176471,35%
43.8%,0.1%,2015-2016,data/BIP Bee Colony Loss Clean.xlsx,Midwest,South Dakota,2015-16,2015-16,16,63677,63677,63677,3979.8125,36%
94.5%,19.9%,2015-2016,data/BIP Bee Colony Loss Clean.xlsx,Midwest,Wisconsin,2015-16,2015-16,165,19808,19808,19808,120.048484848,36%
96.8%,96.2%,2015-2016,data/BIP Bee Colony Loss Clean.xlsx,Midwest,Illinois,2015-16,2015-16,155,1212,1212,1212,7.819354839,37%
84.2%,67.8%,2015-2016,data/BIP Bee Colony Loss Clean.xlsx,Southwest,New Mexico,2015-16,2015-16,19,199,199,199,10.473684211,37%
96.4%,64.8%,2015-2016,data/BIP Bee Colony Loss Clean.xlsx,Midwest,Iowa,2015-16,2015-16,55,917,917,917,16.672727273,38%
94.7%,96.6%,2015-2016,data/BIP Bee Colony Loss Clean.xlsx,Northeast,Connecticut,2015-16,2015-16,75,795,795,795,10.6,40%
94.2%,12.5%,2015-2016,data/BIP Bee Colony Loss Clean.xlsx,Northeast,Maryland,2015-16,2015-16,154,14905,14905,14905,96.785714286,40%
98.7%,31.9%,2015-2016,data/BIP Bee Colony Loss Clean.xlsx,Northeast,Pennsylvania,2015-16,2015-16,777,15198,15198,15198,19.559845560,41%
90.2%,18.6%,2015-2016,data/BIP Bee Colony Loss Clean.xlsx,Southeast,Florida,2015-16,2015-16,61,26647,26647,26647,436.836065574,42%
79.2%,0.9%,2015-2016,data/BIP Bee Colony Loss Clean.xlsx,Northeast,Delaware,2015-16,2015-16,24,10636,10636,10636,443.166666667,44%
92.1%,42.8%,2015-2016,data/BIP Bee Colony Loss Clean.xlsx,Southeast,West Virginia,2015-16,2015-16,63,1270,1270,1270,20.158730159,45%
94.4%,9.9%,2015-2016,data/BIP Bee Colony Loss Clean.xlsx,Midwest,Kansas,2015-16,2015-16,36,4000,4000,4000,111.111111111,46%
90.7%,14.7%,2015-2016,data/BIP Bee Colony Loss Clean.xlsx,Northeast,New Jersey,2015-16,2015-16,129,8000,8000,8000,62.015503876,47%
96.1%,96.6%,2015-2016,data/BIP Bee Colony Loss Clean.xlsx,Northeast,Massachusetts,2015-16,2015-16,153,1272,1272,1272,8.313725490,49%
66.7%,1.6%,2015-2016,data/BIP Bee Colony Loss Clean.xlsx,Southeast,Mississippi,2015-16,2015-16,15,5124,5124,5124,341.6,60%
100%,100%,2015-2016,data/BIP Bee Colony Loss Clean.xlsx,Alaska,Alaska,2015-16,2015-16,5,19,19,19,3.8,72%
22.2%,0.1%,2016-2017,data/BIP Bee Colony Loss Clean.xlsx,Southeast,Mississippi,2016-17,2016-17,9,11793,11793,11793,1310.333333333,7%
93.3%,5.2%,2016-2017,data/BIP Bee Colony Loss Clean.xlsx,West,Nevada,2016-17,2016-17,15,1688,1688,1688,112.533333333,7%
60.7%,0.3%,2016-2017,data/BIP Bee Colony Loss Clean.xlsx,West,Montana,2016-17,2016-17,28,38962,38962,38962,1391.5,11%
88.5%,8.8%,2016-2017,data/BIP Bee Colony Loss Clean.xlsx,Southeast,Georgia,2016-17,2016-17,87,25580,25580,25580,294.022988506,13%
87.5%,2.2%,2016-2017,data/BIP Bee Colony Loss Clean.xlsx,West,Idaho,2016-17,2016-17,40,51318,51318,51318,1282.95,13%
95.7%,27.2%,2016-2017,data/BIP Bee Colony Loss Clean.xlsx,Southeast,North Carolina,2016-17,2016-17,231,5983,5983,5983,25.900432900,15%
95.6%,2.3%,2016-2017,data/BIP Bee Colony Loss Clean.xlsx,Northeast,Massachusetts,2016-17,2016-17,113,21497,21497,21497,190.238938053,16%
94.1%,2%,2016-2017,data/BIP Bee Colony Loss Clean.xlsx,Northeast,Maine,2016-17,2016-17,85,30652,30652,30652,360.611764706,16%
93.2%,13.3%,2016-2017,data/BIP Bee Colony Loss Clean.xlsx,Southwest,Texas,2016-17,2016-17,146,40602,40602,40602,278.095890411,17%
95%,85.7%,2016-2017,data/BIP Bee Colony Loss Clean.xlsx,Southeast,West Virginia,2016-17,2016-17,60,875,875,875,14.583333333,17%
92.3%,14.8%,2016-2017,data/BIP Bee Colony Loss Clean.xlsx,Southeast,Arkansas,2016-17,2016-17,39,2429,2429,2429,62.282051282,17%
94%,23.5%,2016-2017,data/BIP Bee Colony Loss Clean.xlsx,Northeast,New Jersey,2016-17,2016-17,83,2962,2962,2962,35.686746988,18%
94.3%,30.3%,2016-2017,data/BIP Bee Colony Loss Clean.xlsx,Southeast,Kentucky,2016-17,2016-17,53,1649,1649,1649,31.113207547,18%
75%,1.4%,2016-2017,data/BIP Bee Colony Loss Clean.xlsx,West,Wyoming,2016-17,2016-17,20,5487,5487,5487,274.35,18%
66.3%,19.2%,2016-2017,data/BIP Bee Colony Loss Clean.xlsx,West,California,2016-17,2016-17,184,298101,298101,298101,1620.114130435,18%
0%,0%,2016-2017,data/BIP Bee Colony Loss Clean.xlsx,MultiStateOperation,MultiStateOperation,2016-17,2016-17,139,261997,261997,261997,1884.870503597,19%
95%,15.1%,2016-2017,data/BIP Bee Colony Loss Clean.xlsx,Midwest,Wisconsin,2016-17,2016-17,140,13991,13991,13991,99.935714286,19%
83.6%,2.5%,2016-2017,data/BIP Bee Colony Loss Clean.xlsx,Southeast,Florida,2016-17,2016-17,67,72665,72665,72665,1084.552238806,19%
94.1%,4.8%,2016-2017,data/BIP Bee Colony Loss Clean.xlsx,West,Oregon,2016-17,2016-17,170,37559,37559,37559,220.935294118,20%
97.2%,15.9%,2016-2017,data/BIP Bee Colony Loss Clean.xlsx,Midwest,Michigan,2016-17,2016-17,177,11816,11816,11816,66.757062147,21%
23.8%,0%,2016-2017,data/BIP Bee Colony Loss Clean.xlsx,Midwest,North Dakota,2016-17,2016-17,21,117600,117600,117600,5600,22%
90.7%,17%,2016-2017,data/BIP Bee Colony Loss Clean.xlsx,Midwest,Minnesota,2016-17,2016-17,107,13893,13893,13893,129.841121495,23%
99.2%,27.9%,2016-2017,data/BIP Bee Colony Loss Clean.xlsx,Midwest,Indiana,2016-17,2016-17,119,3881,3881,3881,32.613445378,23%
96.5%,91%,2016-2017,data/BIP Bee Colony Loss Clean.xlsx,Midwest,Missouri,2016-17,2016-17,113,1086,1086,1086,9.610619469,24%
53.9%,0.6%,2016-2017,data/BIP Bee Colony Loss Clean.xlsx,Midwest,South Dakota,2016-17,2016-17,13,21487,21487,21487,1652.846153846,25%
92.3%,16%,2016-2017,data/BIP Bee Colony Loss Clean.xlsx,Northeast,New York,2016-17,2016-17,169,19910,19910,19910,117.810650888,25%
97.7%,98.3%,2016-2017,data/BIP Bee Colony Loss Clean.xlsx,Southeast,Alabama,2016-17,2016-17,43,473,473,473,11,25%
100%,100%,2016-2017,data/BIP Bee Colony Loss Clean.xlsx,Southeast,Tennessee,2016-17,2016-17,66,821,821,821,12.439393939,25%
100%,100%,2016-2017,data/BIP Bee Colony Loss Clean.xlsx,Hawaii,Hawaii,2016-17,2016-17,10,77,77,77,7.7,26%
91.2%,1.4%,2016-2017,data/BIP Bee Colony Loss Clean.xlsx,West,Washington,2016-17,2016-17,113,73349,73349,73349,649.106194690,28%
97.9%,93.6%,2016-2017,data/BIP Bee Colony Loss Clean.xlsx,Midwest,Ohio,2016-17,2016-17,284,2280,2280,2280,8.028169014,32%
91.7%,9.4%,2016-2017,data/BIP Bee Colony Loss Clean.xlsx,Southeast,Louisiana,2016-17,2016-17,24,4679,4679,4679,194.958333333,32%
94.7%,18.8%,2016-2017,data/BIP Bee Colony Loss Clean.xlsx,Southeast,South Carolina,2016-17,2016-17,57,2253,2253,2253,39.526315789,33%
97.1%,87.6%,2016-2017,data/BIP Bee Colony Loss Clean.xlsx,Southeast,Virginia,2016-17,2016-17,444,2887,2887,2887,6.502252252,36%
96.2%,93.5%,2016-2017,data/BIP Bee Colony Loss Clean.xlsx,West,Colorado,2016-17,2016-17,131,768,768,768,5.862595420,36%
84.2%,63.5%,2016-2017,data/BIP Bee Colony Loss Clean.xlsx,Northeast,Rhode Island,2016-17,2016-17,19,74,74,74,3.894736842,37%
94.2%,74.7%,2016-2017,data/BIP Bee Colony Loss Clean.xlsx,Northeast,Vermont,2016-17,2016-17,52,1710,1710,1710,32.884615385,38%
96%,41.1%,2016-2017,data/BIP Bee Colony Loss Clean.xlsx,Southwest,New Mexico,2016-17,2016-17,25,382,382,382,15.28,38%
88%,90.1%,2016-2017,data/BIP Bee Colony Loss Clean.xlsx,Northeast,District of Columbia,2016-17,2016-17,25,101,101,101,4.04,39%
97.8%,51.6%,2016-2017,data/BIP Bee Colony Loss Clean.xlsx,Northeast,Pennsylvania,2016-17,2016-17,754,11794,11794,11794,15.641909814,40%
91.7%,1%,2016-2017,data/BIP Bee Colony Loss Clean.xlsx,Midwest,Kansas,2016-17,2016-17,24,17178,17178,17178,715.75,40%
92%,35.5%,2016-2017,data/BIP Bee Colony Loss Clean.xlsx,Northeast,Maryland,2016-17,2016-17,162,4319,4319,4319,26.660493827,42%
97.1%,40.9%,2016-2017,data/BIP Bee Colony Loss Clean.xlsx,Southwest,Oklahoma,2016-17,2016-17,34,2070,2070,2070,60.882352941,44%
97.8%,35.1%,2016-2017,data/BIP Bee Colony Loss Clean.xlsx,West,Utah,2016-17,2016-17,232,2763,2763,2763,11.909482759,45%
97.7%,95.2%,2016-2017,data/BIP Bee Colony Loss Clean.xlsx,Midwest,Iowa,2016-17,2016-17,85,788,788,788,9.270588235,47%
97.5%,44.5%,2016-2017,data/BIP Bee Colony Loss Clean.xlsx,Midwest,Illinois,2016-17,2016-17,121,2053,2053,2053,16.966942149,54%
93.2%,43.4%,2016-2017,data/BIP Bee Colony Loss Clean.xlsx,Northeast,New Hampshire,2016-17,2016-17,59,712,712,712,12.067796610,54%
100%,100%,2016-2017,data/BIP Bee Colony Loss Clean.xlsx,Northeast,Connecticut,2016-17,2016-17,44,391,391,391,8.886363636,55%
90.9%,90.7%,2016-2017,data/BIP Bee Colony Loss Clean.xlsx,Midwest,Nebraska,2016-17,2016-17,22,215,215,215,9.772727273,57%
80%,11%,2016-2017,data/BIP Bee Colony Loss Clean.xlsx,Southwest,Arizona,2016-17,2016-17,10,474,474,474,47.4,62%
87%,83.9%,2016-2017,data/BIP Bee Colony Loss Clean.xlsx,Northeast,Delaware,2016-17,2016-17,46,411,411,411,8.934782609,69%
96.5%,16.1%,2017-2018,data/BIP Bee Colony Loss Clean.xlsx,West,Colorado,2017-18,2017-18,114,3285,3285,3285,28.815789474,13%
64.3%,0.9%,2017-2018,data/BIP Bee Colony Loss Clean.xlsx,Midwest,Nebraska,2017-18,2017-18,14,12112,12112,12112,865.142857143,14%
90.5%,32.3%,2017-2018,data/BIP Bee Colony Loss Clean.xlsx,Southeast,Arkansas,2017-18,2017-18,42,2627,2627,2627,62.547619048,17%
73.7%,2.9%,2017-2018,data/BIP Bee Colony Loss Clean.xlsx,Southeast,Florida,2017-18,2017-18,57,13794,13794,13794,242,18%
89.7%,22.2%,2017-2018,data/BIP Bee Colony Loss Clean.xlsx,Midwest,Kansas,2017-18,2017-18,29,2281,2281,2281,78.655172414,19%
96.4%,28.5%,2017-2018,data/BIP Bee Colony Loss Clean.xlsx,Midwest,Indiana,2017-18,2017-18,139,7413,7413,7413,53.330935252,20%
95.3%,61.8%,2017-2018,data/BIP Bee Colony Loss Clean.xlsx,Midwest,Missouri,2017-18,2017-18,85,1326,1326,1326,15.6,21%
95.5%,9.6%,2017-2018,data/BIP Bee Colony Loss Clean.xlsx,Midwest,Wisconsin,2017-18,2017-18,156,18597,18597,18597,119.211538462,21%
94.8%,2.5%,2017-2018,data/BIP Bee Colony Loss Clean.xlsx,West,Washington,2017-18,2017-18,134,52531,52531,52531,392.022388060,22%
57.1%,0.2%,2017-2018,data/BIP Bee Colony Loss Clean.xlsx,Midwest,South Dakota,2017-18,2017-18,14,41002,41002,41002,2928.714285714,23%
93.8%,75.2%,2017-2018,data/BIP Bee Colony Loss Clean.xlsx,Southwest,Oklahoma,2017-18,2017-18,32,364,364,364,11.375,23%
90.6%,34.9%,2017-2018,data/BIP Bee Colony Loss Clean.xlsx,Southeast,South Carolina,2017-18,2017-18,64,1773,1773,1773,27.703125,24%
96.7%,64.3%,2017-2018,data/BIP Bee Colony Loss Clean.xlsx,West,Oregon,2017-18,2017-18,122,19232,19232,19232,157.639344262,25%
0%,0%,2017-2018,data/BIP Bee Colony Loss Clean.xlsx,MultiStateOperation,MultiStateOperation,2017-18,2017-18,117,147342,147342,147342,1259.333333333,25%
23.1%,0%,2017-2018,data/BIP Bee Colony Loss Clean.xlsx,Midwest,North Dakota,2017-18,2017-18,13,65459,65459,65459,5035.307692308,25%
66.9%,4.6%,2017-2018,data/BIP Bee Colony Loss Clean.xlsx,West,California,2017-18,2017-18,136,136403,136403,136403,1002.963235294,25%
95.1%,12.9%,2017-2018,data/BIP Bee Colony Loss Clean.xlsx,Midwest,Michigan,2017-18,2017-18,284,20613,20613,20613,72.580985915,25%
88.2%,7.6%,2017-2018,data/BIP Bee Colony Loss Clean.xlsx,West,Idaho,2017-18,2017-18,34,11099,11099,11099,326.441176471,26%
93.8%,72%,2017-2018,data/BIP Bee Colony Loss Clean.xlsx,West,Nevada,2017-18,2017-18,16,157,157,157,9.8125,26%
87.1%,4.7%,2017-2018,data/BIP Bee Colony Loss Clean.xlsx,Southwest,Texas,2017-18,2017-18,101,35425,35425,35425,350.742574257,27%
94.8%,37.9%,2017-2018,data/BIP Bee Colony Loss Clean.xlsx,Northeast,New York,2017-18,2017-18,154,5947,5947,5947,38.616883117,28%
92%,22.8%,2017-2018,data/BIP Bee Colony Loss Clean.xlsx,Southeast,Georgia,2017-18,2017-18,150,6525,6525,6525,43.5,31%
77.8%,84.8%,2017-2018,data/BIP Bee Colony Loss Clean.xlsx,West,Wyoming,2017-18,2017-18,9,69,69,69,7.666666667,33%
92.8%,23.9%,2017-2018,data/BIP Bee Colony Loss Clean.xlsx,Northeast,Maryland,2017-18,2017-18,152,3446,3446,3446,22.671052632,34%
95.5%,48.4%,2017-2018,data/BIP Bee Colony Loss Clean.xlsx,Southeast,Kentucky,2017-18,2017-18,112,3167,3167,3167,28.276785714,34%
98.8%,87.1%,2017-2018,data/BIP Bee Colony Loss Clean.xlsx,West,Utah,2017-18,2017-18,163,747,747,747,4.582822086,35%
83.3%,16.1%,2017-2018,data/BIP Bee Colony Loss Clean.xlsx,Southeast,Mississippi,2017-18,2017-18,12,9556,9556,9556,796.333333333,37%
95.4%,98.9%,2017-2018,data/BIP Bee Colony Loss Clean.xlsx,Southeast,Alabama,2017-18,2017-18,65,1892,1892,1892,29.107692308,38%
92.3%,15.9%,2017-2018,data/BIP Bee Colony Loss Clean.xlsx,Northeast,Delaware,2017-18,2017-18,26,719,719,719,27.653846154,39%
94.8%,95.1%,2017-2018,data/BIP Bee Colony Loss Clean.xlsx,Northeast,New Jersey,2017-18,2017-18,77,685,685,685,8.896103896,39%
96.7%,70%,2017-2018,data/BIP Bee Colony Loss Clean.xlsx,Midwest,Iowa,2017-18,2017-18,91,1212,1212,1212,13.318681319,41%
90.9%,8.8%,2017-2018,data/BIP Bee Colony Loss Clean.xlsx,West,Montana,2017-18,2017-18,22,6880,6880,6880,312.727272727,41%
90%,39.1%,2017-2018,data/BIP Bee Colony Loss Clean.xlsx,Southeast,West Virginia,2017-18,2017-18,60,1580,1580,1580,26.333333333,42%
98.8%,90.1%,2017-2018,data/BIP Bee Colony Loss Clean.xlsx,Southeast,North Carolina,2017-18,2017-18,258,2665,2665,2665,10.329457364,42%
96%,40.5%,2017-2018,data/BIP Bee Colony Loss Clean.xlsx,Midwest,Minnesota,2017-18,2017-18,101,9814,9814,9814,97.168316832,44%
94.4%,95.7%,2017-2018,data/BIP Bee Colony Loss Clean.xlsx,Southwest,New Mexico,2017-18,2017-18,18,129,129,129,7.166666667,44%
100%,100%,2017-2018,data/BIP Bee Colony Loss Clean.xlsx,Northeast,Maine,2017-18,2017-18,78,593,593,593,7.602564103,46%
98%,90.5%,2017-2018,data/BIP Bee Colony Loss Clean.xlsx,Northeast,Pennsylvania,2017-18,2017-18,607,5490,5490,5490,9.044481054,47%
98.1%,41.5%,2017-2018,data/BIP Bee Colony Loss Clean.xlsx,Northeast,New Hampshire,2017-18,2017-18,52,668,668,668,12.846153846,51%
89.5%,87.2%,2017-2018,data/BIP Bee Colony Loss Clean.xlsx,Northeast,Rhode Island,2017-18,2017-18,19,82,82,82,4.315789474,51%
98.6%,95.3%,2017-2018,data/BIP Bee Colony Loss Clean.xlsx,Midwest,Ohio,2017-18,2017-18,211,2286,2286,2286,10.834123223,52%
94.7%,52%,2017-2018,data/BIP Bee Colony Loss Clean.xlsx,Northeast,Vermont,2017-18,2017-18,57,877,877,877,15.385964912,53%
98.3%,98.1%,2017-2018,data/BIP Bee Colony Loss Clean.xlsx,Midwest,Illinois,2017-18,2017-18,120,1229,1229,1229,10.241666667,54%
98%,90.6%,2017-2018,data/BIP Bee Colony Loss Clean.xlsx,Northeast,Connecticut,2017-18,2017-18,49,560,560,560,11.428571429,54%
90%,95.2%,2017-2018,data/BIP Bee Colony Loss Clean.xlsx,Northeast,District of Columbia,2017-18,2017-18,10,21,21,21,2.1,57%
97%,99.1%,2017-2018,data/BIP Bee Colony Loss Clean.xlsx,Northeast,Massachusetts,2017-18,2017-18,100,1710,1710,1710,17.1,59%
98.9%,97.8%,2017-2018,data/BIP Bee Colony Loss Clean.xlsx,Southeast,Virginia,2017-18,2017-18,551,4479,4479,4479,8.128856624,60%
84.6%,3.3%,2017-2018,data/BIP Bee Colony Loss Clean.xlsx,Southeast,Louisiana,2017-18,2017-18,13,4866,4866,4866,374.307692308,61%
96.3%,93.8%,2017-2018,data/BIP Bee Colony Loss Clean.xlsx,Southeast,Tennessee,2017-18,2017-18,80,1880,1880,1880,23.5,65%
83.3%,7.6%,2017-2018,data/BIP Bee Colony Loss Clean.xlsx,Southwest,Arizona,2017-18,2017-18,6,1237,1237,1237,206.166666667,72%
95.9%,8.1%,2018-2019,data/BIP Bee Colony Loss Clean.xlsx,Midwest,Indiana,2018-19,2018-19,122,18436,18436,18436,151.114754098,12%
85.4%,13.8%,2018-2019,data/BIP Bee Colony Loss Clean.xlsx,Southeast,South Carolina,2018-19,2018-19,41,5311,5311,5311,129.536585366,12%
76.5%,1.4%,2018-2019,data/BIP Bee Colony Loss Clean.xlsx,Midwest,Nebraska,2018-19,2018-19,17,11696,11696,11696,688,14%
95.5%,18.6%,2018-2019,data/BIP Bee Colony Loss Clean.xlsx,Northeast,New York,2018-19,2018-19,134,7553,7553,7553,56.365671642,14%
86.5%,27.5%,2018-2019,data/BIP Bee Colony Loss Clean.xlsx,Southeast,Florida,2018-19,2018-19,37,18320,18320,18320,495.135135135,18%
95.5%,20.5%,2018-2019,data/BIP Bee Colony Loss Clean.xlsx,West,Colorado,2018-19,2018-19,132,2981,2981,2981,22.583333333,18%
87.6%,9.6%,2018-2019,data/BIP Bee Colony Loss Clean.xlsx,Midwest,Wisconsin,2018-19,2018-19,121,23000,23000,23000,190.082644628,20%
98.7%,94.9%,2018-2019,data/BIP Bee Colony Loss Clean.xlsx,Southeast,Alabama,2018-19,2018-19,75,2140,2140,2140,28.533333333,22%
98%,97.7%,2018-2019,data/BIP Bee Colony Loss Clean.xlsx,Northeast,Vermont,2018-19,2018-19,49,1497,1497,1497,30.551020408,22%
93.1%,10.6%,2018-2019,data/BIP Bee Colony Loss Clean.xlsx,Southwest,Oklahoma,2018-19,2018-19,72,5728,5728,5728,79.555555556,23%
99%,93.7%,2018-2019,data/BIP Bee Colony Loss Clean.xlsx,Southeast,North Carolina,2018-19,2018-19,201,1937,1937,1937,9.636815920,24%
95.8%,30.4%,2018-2019,data/BIP Bee Colony Loss Clean.xlsx,Northeast,Maryland,2018-19,2018-19,193,2981,2981,2981,15.445595855,25%
10.5%,0%,2018-2019,data/BIP Bee Colony Loss Clean.xlsx,Midwest,North Dakota,2018-19,2018-19,19,125725,125725,125725,6617.105263158,25%
99%,99.9%,2018-2019,data/BIP Bee Colony Loss Clean.xlsx,Northeast,Massachusetts,2018-19,2018-19,100,1655,1655,1655,16.55,26%
97.9%,96.2%,2018-2019,data/BIP Bee Colony Loss Clean.xlsx,Southeast,Arkansas,2018-19,2018-19,47,492,492,492,10.468085106,26%
98.9%,98.9%,2018-2019,data/BIP Bee Colony Loss Clean.xlsx,Midwest,Ohio,2018-19,2018-19,186,1711,1711,1711,9.198924731,27%
92.3%,89.2%,2018-2019,data/BIP Bee Colony Loss Clean.xlsx,Midwest,Missouri,2018-19,2018-19,91,638,638,638,7.010989011,27%
99%,99.5%,2018-2019,data/BIP Bee Colony Loss Clean.xlsx,Southeast,Kentucky,2018-19,2018-19,95,1041,1041,1041,10.957894737,28%
100%,100%,2018-2019,data/BIP Bee Colony Loss Clean.xlsx,Northeast,Rhode Island,2018-19,2018-19,16,65,65,65,4.0625,29%
96%,9.4%,2018-2019,data/BIP Bee Colony Loss Clean.xlsx,Midwest,Michigan,2018-19,2018-19,223,23533,23533,23533,105.529147982,29%
91.1%,2.2%,2018-2019,data/BIP Bee Colony Loss Clean.xlsx,West,Oregon,2018-19,2018-19,112,63236,63236,63236,564.607142857,30%
94.4%,12.4%,2018-2019,data/BIP Bee Colony Loss Clean.xlsx,Southeast,Georgia,2018-19,2018-19,90,8065,8065,8065,89.611111111,30%
93.3%,3.3%,2018-2019,data/BIP Bee Colony Loss Clean.xlsx,West,Washington,2018-19,2018-19,134,48685,48685,48685,363.320895522,30%
0%,0%,2018-2019,data/BIP Bee Colony Loss Clean.xlsx,MultiStateOperation,MultiStateOperation,2018-19,2018-19,120,264848,264848,264848,2207.066666667,30%
56.9%,8.9%,2018-2019,data/BIP Bee Colony Loss Clean.xlsx,West,California,2018-19,2018-19,144,276535,276535,276535,1920.381944444,31%
100%,100%,2018-2019,data/BIP Bee Colony Loss Clean.xlsx,Southeast,West Virginia,2018-19,2018-19,41,390,390,390,9.512195122,32%
65.6%,1.6%,2018-2019,data/BIP Bee Colony Loss Clean.xlsx,West,Idaho,2018-19,2018-19,32,77250,77250,77250,2414.0625,32%
98.2%,90.6%,2018-2019,data/BIP Bee Colony Loss Clean.xlsx,Southeast,Virginia,2018-19,2018-19,621,4426,4426,4426,7.127214171,33%
54.5%,13.6%,2018-2019,data/BIP Bee Colony Loss Clean.xlsx,Northeast,District of Columbia,2018-19,2018-19,11,301,301,301,27.363636364,34%
100%,100%,2018-2019,data/BIP Bee Colony Loss Clean.xlsx,Northeast,Maine,2018-19,2018-19,71,460,460,460,6.478873239,35%
50%,0.1%,2018-2019,data/BIP Bee Colony Loss Clean.xlsx,Midwest,South Dakota,2018-19,2018-19,14,53017,53017,53017,3786.928571429,35%
100%,100%,2018-2019,data/BIP Bee Colony Loss Clean.xlsx,Northeast,Connecticut,2018-19,2018-19,36,190,190,190,5.277777778,37%
92.4%,86.5%,2018-2019,data/BIP Bee Colony Loss Clean.xlsx,Northeast,New Jersey,2018-19,2018-19,66,749,749,749,11.348484848,37%
90%,48.4%,2018-2019,data/BIP Bee Colony Loss Clean.xlsx,Midwest,Kansas,2018-19,2018-19,30,758,758,758,25.266666667,38%
100%,100%,2018-2019,data/BIP Bee Colony Loss Clean.xlsx,Northeast,New Hampshire,2018-19,2018-19,43,333,333,333,7.744186047,38%
76.9%,0.2%,2018-2019,data/BIP Bee Colony Loss Clean.xlsx,West,Montana,2018-19,2018-19,26,40427,40427,40427,1554.884615385,39%
88.9%,2.4%,2018-2019,data/BIP Bee Colony Loss Clean.xlsx,Midwest,Minnesota,2018-19,2018-19,108,27012,27012,27012,250.111111111,39%
97.4%,35.6%,2018-2019,data/BIP Bee Colony Loss Clean.xlsx,West,Utah,2018-19,2018-19,116,1643,1643,1643,14.163793103,41%
95%,98.3%,2018-2019,data/BIP Bee Colony Loss Clean.xlsx,Southwest,New Mexico,2018-19,2018-19,20,117,117,117,5.85,42%
98.2%,92.1%,2018-2019,data/BIP Bee Colony Loss Clean.xlsx,Northeast,Pennsylvania,2018-19,2018-19,674,6300,6300,6300,9.347181009,43%
95.6%,95.2%,2018-2019,data/BIP Bee Colony Loss Clean.xlsx,Southeast,Tennessee,2018-19,2018-19,68,1164,1164,1164,17.117647059,45%
83.6%,28.1%,2018-2019,data/BIP Bee Colony Loss Clean.xlsx,Southwest,Texas,2018-19,2018-19,140,142475,142475,142475,1017.678571429,46%
93.3%,85.7%,2018-2019,data/BIP Bee Colony Loss Clean.xlsx,Northeast,Delaware,2018-19,2018-19,15,126,126,126,8.4,47%
96.3%,96.5%,2018-2019,data/BIP Bee Colony Loss Clean.xlsx,Midwest,Illinois,2018-19,2018-19,108,951,951,951,8.805555556,55%
80%,3.4%,2018-2019,data/BIP Bee Colony Loss Clean.xlsx,,,2018-19,2018-19,5,352,352,352,70.4,56%
96.4%,97.2%,2018-2019,data/BIP Bee Colony Loss Clean.xlsx,Midwest,Iowa,2018-19,2018-19,83,857,857,857,10.325301205,62%
87.5%,0.7%,2018-2019,data/BIP Bee Colony Loss Clean.xlsx,Southeast,Louisiana,2018-19,2018-19,8,13102,13102,13102,1637.75,63%
100%,100%,2018-2019,data/BIP Bee Colony Loss Clean.xlsx,West,Nevada,2018-19,2018-19,15,119,119,119,7.933333333,66%
